PROVINCIA,LOCALITA,DATA,TMEDIA 째C,TMIN 째C,TMAX 째C,PUNTORUGIADA 째C,UMIDITA %,VISIBILITA km,VENTOMEDIA km/h,VENTOMAX km/h,RAFFICA km/h,PRESSIONESLM mb,PRESSIONEMEDIA mb,PIOGGIA mm,FENOMENI
Bergamo,Adrara San Martino,08/03/2020,8,2,13,2,51,20,8,13,0,1020,0,0,
Bergamo,Adrara San Rocco,08/03/2020,8,2,13,2,51,20,8,13,0,1020,0,0,
Bergamo,Albano Sant'Alessandro,08/03/2020,8,2,13,2,51,20,8,13,0,1020,0,0,
Bergamo,Albino,08/03/2020,8,2,13,2,51,20,8,13,0,1020,0,0,
Bergamo,Algua,08/03/2020,8,2,13,2,51,20,8,13,0,1020,0,0,
Bergamo,Almenno San Bartolomeo,08/03/2020,8,2,13,2,51,20,8,13,0,1020,0,0,
Bergamo,Almenno San Salvatore,08/03/2020,8,2,13,2,51,20,8,13,0,1020,0,0,
Bergamo,Alzano Lombardo,08/03/2020,8,2,13,2,51,20,8,13,0,1020,0,0,
Bergamo,Ambivere,08/03/2020,8,2,13,2,51,20,8,13,0,1020,0,0,
Bergamo,Antegnate,08/03/2020,8,2,13,2,51,20,8,13,0,1020,0,0,
Bergamo,Arcene,08/03/2020,8,2,13,2,51,20,8,13,0,1020,0,0,
Bergamo,Ardesio,08/03/2020,8,2,13,2,51,20,8,13,0,1020,0,0,
Bergamo,Azzano San Paolo,08/03/2020,8,2,13,2,51,20,8,13,0,1020,0,0,
Bergamo,Bagnatica,08/03/2020,8,2,13,2,51,20,8,13,0,1020,0,0,
Bergamo,Barbata,08/03/2020,8,2,13,2,51,20,8,13,0,1020,0,0,
Bergamo,Bariano,08/03/2020,8,2,13,2,51,20,8,13,0,1020,0,0,
Bergamo,Barzana,08/03/2020,8,2,13,2,51,20,8,13,0,1020,0,0,
Bergamo,Bedulita,08/03/2020,8,2,13,2,51,20,8,13,0,1020,0,0,
Bergamo,Bergamo,08/03/2020,8,2,13,2,51,20,8,13,0,1020,0,0,
Bergamo,Bergamo Orio al Serio,08/03/2020,8,2,13,2,51,20,8,13,0,1020,0,0,
Bergamo,Berzo San Fermo,08/03/2020,8,2,13,2,51,20,8,13,0,1020,0,0,
Bergamo,Bianzano,08/03/2020,8,2,13,2,51,20,8,13,0,1020,0,0,
Bergamo,Bolgare,08/03/2020,8,2,13,2,51,20,8,13,0,1020,0,0,
Bergamo,Boltiere,08/03/2020,8,2,13,2,51,20,8,13,0,1020,0,0,
Bergamo,Bonate Sopra,08/03/2020,8,2,13,2,51,20,8,13,0,1020,0,0,
Bergamo,Bonate Sotto,08/03/2020,8,2,13,2,51,20,8,13,0,1020,0,0,
Bergamo,Borgo di Terzo,08/03/2020,8,2,13,2,51,20,8,13,0,1020,0,0,
Bergamo,Bracca,08/03/2020,8,2,13,2,51,20,8,13,0,1020,0,0,
Bergamo,Brembate di Sopra,08/03/2020,8,2,13,2,51,20,8,13,0,1020,0,0,
Bergamo,Brembate,08/03/2020,8,2,13,2,51,20,8,13,0,1020,0,0,
Bergamo,Brembilla,08/03/2020,8,2,13,2,51,20,8,13,0,1020,0,0,
Bergamo,Brignano Gera d'Adda,08/03/2020,8,2,13,2,51,20,8,13,0,1020,0,0,
Bergamo,Brusaporto,08/03/2020,8,2,13,2,51,20,8,13,0,1020,0,0,
Bergamo,Calcinate,08/03/2020,8,2,13,2,51,20,8,13,0,1020,0,0,
Bergamo,Calcio,08/03/2020,8,2,13,2,51,20,8,13,0,1020,0,0,
Bergamo,Calusco d'Adda,08/03/2020,8,2,13,2,51,20,8,13,0,1020,0,0,
Bergamo,Camerata Cornello,08/03/2020,8,2,13,2,51,20,8,13,0,1020,0,0,
Bergamo,Capizzone,08/03/2020,8,2,13,2,51,20,8,13,0,1020,0,0,
Bergamo,Caprino Bergamasco,08/03/2020,8,2,13,2,51,20,8,13,0,1020,0,0,
Bergamo,Carobbio degli Angeli,08/03/2020,8,2,13,2,51,20,8,13,0,1020,0,0,
Bergamo,Carvico,08/03/2020,8,2,13,2,51,20,8,13,0,1020,0,0,
Bergamo,Casazza,08/03/2020,8,2,13,2,51,20,8,13,0,1020,0,0,
Bergamo,Casnigo,08/03/2020,8,2,13,2,51,20,8,13,0,1020,0,0,
Bergamo,Cassiglio,08/03/2020,8,2,13,2,51,20,8,13,0,1020,0,0,
Bergamo,Castelli Calepio,08/03/2020,8,2,13,2,51,20,8,13,0,1020,0,0,
Bergamo,Castro-BG,08/03/2020,8,2,13,2,51,20,8,13,0,1020,0,0,
Bergamo,Cavernago,08/03/2020,8,2,13,2,51,20,8,13,0,1020,0,0,
Bergamo,Cazzano Sant'Andrea,08/03/2020,8,2,13,2,51,20,8,13,0,1020,0,0,
Bergamo,Cenate Sopra,08/03/2020,8,2,13,2,51,20,8,13,0,1020,0,0,
Bergamo,Cenate Sotto,08/03/2020,8,2,13,2,51,20,8,13,0,1020,0,0,
Bergamo,Cene,08/03/2020,8,2,13,2,51,20,8,13,0,1020,0,0,
Bergamo,Cerete,08/03/2020,8,2,13,2,51,20,8,13,0,1020,0,0,
Bergamo,Chignolo d'Isola,08/03/2020,8,2,13,2,51,20,8,13,0,1020,0,0,
Bergamo,Chiuduno,08/03/2020,8,2,13,2,51,20,8,13,0,1020,0,0,
Bergamo,Cisano Bergamasco,08/03/2020,8,2,13,2,51,20,8,13,0,1020,0,0,
Bergamo,Ciserano,08/03/2020,8,2,13,2,51,20,8,13,0,1020,0,0,
Bergamo,Cividate al Piano,08/03/2020,8,2,13,2,51,20,8,13,0,1020,0,0,
Bergamo,Cologno al Serio,08/03/2020,8,2,13,2,51,20,8,13,0,1020,0,0,
Bergamo,Colzate,08/03/2020,8,2,13,2,51,20,8,13,0,1020,0,0,
Bergamo,Comun Nuovo,08/03/2020,8,2,13,2,51,20,8,13,0,1020,0,0,
Bergamo,Cortenuova,08/03/2020,8,2,13,2,51,20,8,13,0,1020,0,0,
Bergamo,Costa di Mezzate,08/03/2020,8,2,13,2,51,20,8,13,0,1020,0,0,
Bergamo,Costa Volpino,08/03/2020,8,2,13,2,51,20,8,13,0,1020,0,0,
Bergamo,Covo,08/03/2020,8,2,13,2,51,20,8,13,0,1020,0,0,
Bergamo,Credaro,08/03/2020,8,2,13,2,51,20,8,13,0,1020,0,0,
Bergamo,Curno,08/03/2020,8,2,13,2,51,20,8,13,0,1020,0,0,
Bergamo,Dalmine,08/03/2020,8,2,13,2,51,20,8,13,0,1020,0,0,
Bergamo,Endine Gaiano,08/03/2020,8,2,13,2,51,20,8,13,0,1020,0,0,
Bergamo,Entratico,08/03/2020,8,2,13,2,51,20,8,13,0,1020,0,0,
Bergamo,Fara Olivana con Sola,08/03/2020,8,2,13,2,51,20,8,13,0,1020,0,0,
Bergamo,Filago,08/03/2020,8,2,13,2,51,20,8,13,0,1020,0,0,
Bergamo,Fiorano al Serio,08/03/2020,8,2,13,2,51,20,8,13,0,1020,0,0,
Bergamo,Fontanella,08/03/2020,8,2,13,2,51,20,8,13,0,1020,0,0,
Bergamo,Fonteno,08/03/2020,8,2,13,2,51,20,8,13,0,1020,0,0,
Bergamo,Foresto Sparso,08/03/2020,8,2,13,2,51,20,8,13,0,1020,0,0,
Bergamo,Gandino,08/03/2020,8,2,13,2,51,20,8,13,0,1020,0,0,
Bergamo,Gandosso,08/03/2020,8,2,13,2,51,20,8,13,0,1020,0,0,
Bergamo,Gaverina Terme,08/03/2020,8,2,13,2,51,20,8,13,0,1020,0,0,
Bergamo,Gazzaniga,08/03/2020,8,2,13,2,51,20,8,13,0,1020,0,0,
Bergamo,Ghisalba,08/03/2020,8,2,13,2,51,20,8,13,0,1020,0,0,
Bergamo,Gorlago,08/03/2020,8,2,13,2,51,20,8,13,0,1020,0,0,
Bergamo,Gorle,08/03/2020,8,2,13,2,51,20,8,13,0,1020,0,0,
Bergamo,Grassobbio,08/03/2020,8,2,13,2,51,20,8,13,0,1020,0,0,
Bergamo,Grone,08/03/2020,8,2,13,2,51,20,8,13,0,1020,0,0,
Bergamo,Grumello del Monte,08/03/2020,8,2,13,2,51,20,8,13,0,1020,0,0,
Bergamo,Isso,08/03/2020,8,2,13,2,51,20,8,13,0,1020,0,0,
Bergamo,Lallio,08/03/2020,8,2,13,2,51,20,8,13,0,1020,0,0,
Bergamo,Leffe,08/03/2020,8,2,13,2,51,20,8,13,0,1020,0,0,
Bergamo,Lenna,08/03/2020,8,2,13,2,51,20,8,13,0,1020,0,0,
Bergamo,Levate,08/03/2020,8,2,13,2,51,20,8,13,0,1020,0,0,
Bergamo,Locatello,08/03/2020,8,2,13,2,51,20,8,13,0,1020,0,0,
Bergamo,Lovere,08/03/2020,8,2,13,2,51,20,8,13,0,1020,0,0,
Bergamo,Lurano,08/03/2020,8,2,13,2,51,20,8,13,0,1020,0,0,
Bergamo,Luzzana,08/03/2020,8,2,13,2,51,20,8,13,0,1020,0,0,
Bergamo,Madone,08/03/2020,8,2,13,2,51,20,8,13,0,1020,0,0,
Bergamo,Mapello,08/03/2020,8,2,13,2,51,20,8,13,0,1020,0,0,
Bergamo,Martinengo,08/03/2020,8,2,13,2,51,20,8,13,0,1020,0,0,
Bergamo,Medolago,08/03/2020,8,2,13,2,51,20,8,13,0,1020,0,0,
Bergamo,Monasterolo del Castello,08/03/2020,8,2,13,2,51,20,8,13,0,1020,0,0,
Bergamo,Montello,08/03/2020,8,2,13,2,51,20,8,13,0,1020,0,0,
Bergamo,Morengo,08/03/2020,8,2,13,2,51,20,8,13,0,1020,0,0,
Bergamo,Mornico al Serio,08/03/2020,8,2,13,2,51,20,8,13,0,1020,0,0,
Bergamo,Mozzo,08/03/2020,8,2,13,2,51,20,8,13,0,1020,0,0,
Bergamo,Nembro,08/03/2020,8,2,13,2,51,20,8,13,0,1020,0,0,
Bergamo,Olmo al Brembo,08/03/2020,8,2,13,2,51,20,8,13,0,1020,0,0,
Bergamo,Orio al Serio,08/03/2020,8,2,13,2,51,20,8,13,0,1020,0,0,
Bergamo,Osio Sopra,08/03/2020,8,2,13,2,51,20,8,13,0,1020,0,0,
Bergamo,Osio Sotto,08/03/2020,8,2,13,2,51,20,8,13,0,1020,0,0,
Bergamo,Pagazzano,08/03/2020,8,2,13,2,51,20,8,13,0,1020,0,0,
Bergamo,Paladina,08/03/2020,8,2,13,2,51,20,8,13,0,1020,0,0,
Bergamo,Palazzago,08/03/2020,8,2,13,2,51,20,8,13,0,1020,0,0,
Bergamo,Palosco,08/03/2020,8,2,13,2,51,20,8,13,0,1020,0,0,
Bergamo,Parre,08/03/2020,8,2,13,2,51,20,8,13,0,1020,0,0,
Bergamo,Pedrengo,08/03/2020,8,2,13,2,51,20,8,13,0,1020,0,0,
Bergamo,Peia,08/03/2020,8,2,13,2,51,20,8,13,0,1020,0,0,
Bergamo,Pianico,08/03/2020,8,2,13,2,51,20,8,13,0,1020,0,0,
Bergamo,Piario,08/03/2020,8,2,13,2,51,20,8,13,0,1020,0,0,
Bergamo,Piazza Brembana,08/03/2020,8,2,13,2,51,20,8,13,0,1020,0,0,
Bergamo,Pognano,08/03/2020,8,2,13,2,51,20,8,13,0,1020,0,0,
Bergamo,Ponte Nossa,08/03/2020,8,2,13,2,51,20,8,13,0,1020,0,0,
Bergamo,Ponte San Pietro,08/03/2020,8,2,13,2,51,20,8,13,0,1020,0,0,
Bergamo,Ponteranica,08/03/2020,8,2,13,2,51,20,8,13,0,1020,0,0,
Bergamo,Pontida,08/03/2020,8,2,13,2,51,20,8,13,0,1020,0,0,
Bergamo,Pradalunga,08/03/2020,8,2,13,2,51,20,8,13,0,1020,0,0,
Bergamo,Predore,08/03/2020,8,2,13,2,51,20,8,13,0,1020,0,0,
Bergamo,Premolo,08/03/2020,8,2,13,2,51,20,8,13,0,1020,0,0,
Bergamo,Presezzo,08/03/2020,8,2,13,2,51,20,8,13,0,1020,0,0,
Bergamo,Ranica,08/03/2020,8,2,13,2,51,20,8,13,0,1020,0,0,
Bergamo,Pumenengo,08/03/2020,8,2,13,2,51,20,8,13,0,1020,0,0,
Bergamo,Ranzanico,08/03/2020,8,2,13,2,51,20,8,13,0,1020,0,0,
Bergamo,Riva di Solto,08/03/2020,8,2,13,2,51,20,8,13,0,1020,0,0,
Bergamo,Romano di Lombardia,08/03/2020,8,2,13,2,51,20,8,13,0,1020,0,0,
Bergamo,Rogno,08/03/2020,8,2,13,2,51,20,8,13,0,1020,0,0,
Bergamo,San Giovanni Bianco,08/03/2020,8,2,13,2,51,20,8,13,0,1020,0,0,
Bergamo,San Paolo d'Argon,08/03/2020,8,2,13,2,51,20,8,13,0,1020,0,0,
Bergamo,San Pellegrino Terme,08/03/2020,8,2,13,2,51,20,8,13,0,1020,0,0,
Bergamo,Sant'Omobono Terme,08/03/2020,8,2,13,2,51,20,8,13,0,1020,0,0,
Bergamo,Sarnico,08/03/2020,8,2,13,2,51,20,8,13,0,1020,0,0,
Bergamo,Scanzorosciate,08/03/2020,8,2,13,2,51,20,8,13,0,1020,0,0,
Bergamo,Sedrina,08/03/2020,8,2,13,2,51,20,8,13,0,1020,0,0,
Bergamo,Seriate,08/03/2020,8,2,13,2,51,20,8,13,0,1020,0,0,
Bergamo,Solto Collina,08/03/2020,8,2,13,2,51,20,8,13,0,1020,0,0,
Bergamo,Solza,08/03/2020,8,2,13,2,51,20,8,13,0,1020,0,0,
Bergamo,Songavazzo,08/03/2020,8,2,13,2,51,20,8,13,0,1020,0,0,
Bergamo,Sorisole,08/03/2020,8,2,13,2,51,20,8,13,0,1020,0,0,
Bergamo,Sotto il Monte Giovanni XXIII,08/03/2020,8,2,13,2,51,20,8,13,0,1020,0,0,
Bergamo,Sovere,08/03/2020,8,2,13,2,51,20,8,13,0,1020,0,0,
Bergamo,Spinone al Lago,08/03/2020,8,2,13,2,51,20,8,13,0,1020,0,0,
Bergamo,Spirano,08/03/2020,8,2,13,2,51,20,8,13,0,1020,0,0,
Bergamo,Stezzano,08/03/2020,8,2,13,2,51,20,8,13,0,1020,0,0,
Bergamo,Strozza,08/03/2020,8,2,13,2,51,20,8,13,0,1020,0,0,
Bergamo,Tavernola Bergamasca,08/03/2020,8,2,13,2,51,20,8,13,0,1020,0,0,
Bergamo,Telgate,08/03/2020,8,2,13,2,51,20,8,13,0,1020,0,0,
Bergamo,Terno d'Isola,08/03/2020,8,2,13,2,51,20,8,13,0,1020,0,0,
Bergamo,Torre Boldone,08/03/2020,8,2,13,2,51,20,8,13,0,1020,0,0,
Bergamo,Torre de' Busi,08/03/2020,8,2,13,2,51,20,8,13,0,1020,0,0,
Bergamo,Torre de' Roveri,08/03/2020,8,2,13,2,51,20,8,13,0,1020,0,0,
Bergamo,Torre Pallavicina,08/03/2020,8,2,13,2,51,20,8,13,0,1020,0,0,
Bergamo,Trescore Balneario,08/03/2020,8,2,13,2,51,20,8,13,0,1020,0,0,
Bergamo,Treviolo,08/03/2020,8,2,13,2,51,20,8,13,0,1020,0,0,
Bergamo,Ubiale Clanezzo,08/03/2020,8,2,13,2,51,20,8,13,0,1020,0,0,
Bergamo,Urgnano,08/03/2020,8,2,13,2,51,20,8,13,0,1020,0,0,
Bergamo,Val Brembilla,08/03/2020,8,2,13,2,51,20,8,13,0,1020,0,0,
Bergamo,Valbrembo,08/03/2020,8,2,13,2,51,20,8,13,0,1020,0,0,
Bergamo,Valnegra,08/03/2020,8,2,13,2,51,20,8,13,0,1020,0,0,
Bergamo,Valsecca,08/03/2020,8,2,13,2,51,20,8,13,0,1020,0,0,
Bergamo,Verdellino,08/03/2020,8,2,13,2,51,20,8,13,0,1020,0,0,
Bergamo,Verdello,08/03/2020,8,2,13,2,51,20,8,13,0,1020,0,0,
Bergamo,Vertova,08/03/2020,8,2,13,2,51,20,8,13,0,1020,0,0,
Bergamo,Viadanica,08/03/2020,8,2,13,2,51,20,8,13,0,1020,0,0,
Bergamo,Vigano San Martino,08/03/2020,8,2,13,2,51,20,8,13,0,1020,0,0,
Bergamo,Vigolo,08/03/2020,8,2,13,2,51,20,8,13,0,1020,0,0,
Bergamo,Villa d'Adda,08/03/2020,8,2,13,2,51,20,8,13,0,1020,0,0,
Bergamo,Villa d'Ogna,08/03/2020,8,2,13,2,51,20,8,13,0,1020,0,0,
Bergamo,Villa di Serio,08/03/2020,8,2,13,2,51,20,8,13,0,1020,0,0,
Bergamo,Villongo,08/03/2020,8,2,13,2,51,20,8,13,0,1020,0,0,
Bergamo,Zandobbio,08/03/2020,8,2,13,2,51,20,8,13,0,1020,0,0,
Bergamo,Zanica,08/03/2020,8,2,13,2,51,20,8,13,0,1020,0,0,
Bergamo,Zogno,08/03/2020,8,2,13,2,51,20,8,13,0,1020,0,0,
Brescia,Acquafredda,08/03/2020,9,2,14,2,53,21,7,17,0,1020,0,0,
Brescia,Adro,08/03/2020,8,2,13,2,51,20,8,13,0,1020,0,0,
Brescia,Agnosine,08/03/2020,9,2,14,2,53,21,7,17,0,1020,0,0,
Brescia,Alfianello,08/03/2020,7,2,13,2,69,21,5,11,0,1019,0,0,
Brescia,Anfo,08/03/2020,9,2,14,2,53,21,7,17,0,1020,0,0,
Brescia,Angolo Terme,08/03/2020,9,2,14,2,53,21,7,17,0,1020,0,0,
Brescia,Artogne,08/03/2020,7,2,13,2,69,21,5,11,0,1019,0,0,
Brescia,Azzano Mella,08/03/2020,7,2,13,2,69,21,5,11,0,1019,0,0,
Brescia,Bagnolo Mella,08/03/2020,7,2,13,2,69,21,5,11,0,1019,0,0,
Brescia,Barbariga,08/03/2020,7,2,13,2,69,21,5,11,0,1019,0,0,
Brescia,Barghe,08/03/2020,9,2,14,2,53,21,7,17,0,1020,0,0,
Brescia,Bassano Bresciano,08/03/2020,7,2,13,2,69,21,5,11,0,1019,0,0,
Brescia,Bedizzole,08/03/2020,9,2,14,2,53,21,7,17,0,1020,0,0,
Brescia,Berlingo,08/03/2020,7,2,13,2,69,21,5,11,0,1019,0,0,
Brescia,Berzo Inferiore,08/03/2020,9,2,14,2,53,21,7,17,0,1020,0,0,
Brescia,Bienno,08/03/2020,9,2,14,2,53,21,7,17,0,1020,0,0,
Brescia,Borgo San Giacomo,08/03/2020,7,2,13,2,69,21,5,11,0,1019,0,0,
Brescia,Borgosatollo,08/03/2020,7,2,13,2,69,21,5,11,0,1019,0,0,
Brescia,Botticino,08/03/2020,7,2,13,2,69,21,5,11,0,1019,0,0,
Brescia,Bovezzo,08/03/2020,7,2,13,2,69,21,5,11,0,1019,0,0,
Brescia,Brandico,08/03/2020,7,2,13,2,69,21,5,11,0,1019,0,0,
Brescia,Braone,08/03/2020,9,2,14,2,53,21,7,17,0,1020,0,0,
Brescia,Breno,08/03/2020,9,2,14,2,53,21,7,17,0,1020,0,0,
Brescia,Brescia,08/03/2020,7,2,13,2,69,21,5,11,0,1019,0,0,
Brescia,Brescia Ghedi,08/03/2020,7,2,13,2,69,21,5,11,0,1019,0,0,
Brescia,Brescia Montichiari,08/03/2020,9,2,14,2,53,21,7,17,0,1020,0,0,
Brescia,Brione,08/03/2020,8,2,13,2,51,20,8,13,0,1020,0,0,
Brescia,Caino,08/03/2020,9,2,14,2,53,21,7,17,0,1020,0,0,
Brescia,Calcinato,08/03/2020,9,2,14,2,53,21,7,17,0,1020,0,0,
Brescia,Calvagese della Riviera,08/03/2020,9,2,14,2,53,21,7,17,0,1020,0,0,
Brescia,Calvisano,08/03/2020,9,2,14,2,53,21,7,17,0,1020,0,0,
Brescia,Capo di Ponte,08/03/2020,9,2,14,2,53,21,7,17,0,1020,0,0,
Brescia,Capriano del Colle,08/03/2020,7,2,13,2,69,21,5,11,0,1019,0,0,
Brescia,Capriolo,08/03/2020,8,2,13,2,51,20,8,13,0,1020,0,0,
Brescia,Carpenedolo,08/03/2020,9,2,14,2,53,21,7,17,0,1020,0,0,
Brescia,Castegnato,08/03/2020,7,2,13,2,69,21,5,11,0,1019,0,0,
Brescia,Castel Mella,08/03/2020,7,2,13,2,69,21,5,11,0,1019,0,0,
Brescia,Castelcovati,08/03/2020,8,2,13,2,51,20,8,13,0,1020,0,0,
Brescia,Castenedolo,08/03/2020,7,2,13,2,69,21,5,11,0,1019,0,0,
Brescia,Casto,08/03/2020,9,2,14,2,53,21,7,17,0,1020,0,0,
Brescia,Castrezzato,08/03/2020,7,2,13,2,69,21,5,11,0,1019,0,0,
Brescia,Cazzago San Martino,08/03/2020,7,2,13,2,69,21,5,11,0,1019,0,0,
Brescia,Cedegolo,08/03/2020,9,2,14,2,53,21,7,17,0,1020,0,0,
Brescia,Cellatica,08/03/2020,7,2,13,2,69,21,5,11,0,1019,0,0,
Brescia,Cerveno,08/03/2020,9,2,14,2,53,21,7,17,0,1020,0,0,
Brescia,Ceto,08/03/2020,9,2,14,2,53,21,7,17,0,1020,0,0,
Brescia,Chiari,08/03/2020,8,2,13,2,51,20,8,13,0,1020,0,0,
Brescia,Cigole,08/03/2020,7,2,13,2,69,21,5,11,0,1019,0,0,
Brescia,Cividate Camuno,08/03/2020,9,2,14,2,53,21,7,17,0,1020,0,0,
Brescia,Coccaglio,08/03/2020,8,2,13,2,51,20,8,13,0,1020,0,0,
Brescia,Collebeato,08/03/2020,7,2,13,2,69,21,5,11,0,1019,0,0,
Brescia,Cologne,08/03/2020,8,2,13,2,51,20,8,13,0,1020,0,0,
Brescia,Comezzano-Cizzago,08/03/2020,8,2,13,2,51,20,8,13,0,1020,0,0,
Brescia,Concesio,08/03/2020,7,2,13,2,69,21,5,11,0,1019,0,0,
Brescia,Corte Franca,08/03/2020,8,2,13,2,51,20,8,13,0,1020,0,0,
Brescia,Corzano,08/03/2020,7,2,13,2,69,21,5,11,0,1019,0,0,
Brescia,Darfo Boario Terme,08/03/2020,7,2,13,2,69,21,5,11,0,1019,0,0,
Brescia,Dello,08/03/2020,7,2,13,2,69,21,5,11,0,1019,0,0,
Brescia,Desenzano del Garda,08/03/2020,9,2,14,2,53,21,7,17,0,1020,0,0,
Brescia,Erbusco,08/03/2020,8,2,13,2,51,20,8,13,0,1020,0,0,
Brescia,Esine,08/03/2020,9,2,14,2,53,21,7,17,0,1020,0,0,
Brescia,Fiesse,08/03/2020,7,2,13,2,69,21,5,11,0,1019,0,0,
Brescia,Flero,08/03/2020,7,2,13,2,69,21,5,11,0,1019,0,0,
Brescia,Gambara,08/03/2020,7,2,13,2,69,21,5,11,0,1019,0,0,
Brescia,Gardone Riviera,08/03/2020,9,3,14,2,57,20,7,13,0,1019,0,0,
Brescia,Gardone Val Trompia,08/03/2020,7,2,13,2,69,21,5,11,0,1019,0,0,
Brescia,Gargnano,08/03/2020,9,3,14,2,57,20,7,13,0,1019,0,0,
Brescia,Gavardo,08/03/2020,9,2,14,2,53,21,7,17,0,1020,0,0,
Brescia,Ghedi,08/03/2020,7,2,13,2,69,21,5,11,0,1019,0,0,
Brescia,Gianico,08/03/2020,7,2,13,2,69,21,5,11,0,1019,0,0,
Brescia,Gottolengo,08/03/2020,7,2,13,2,69,21,5,11,0,1019,0,0,
Brescia,Gussago,08/03/2020,7,2,13,2,69,21,5,11,0,1019,0,0,
Brescia,Idro,08/03/2020,9,2,14,2,53,21,7,17,0,1020,0,0,
Brescia,Iseo,08/03/2020,7,2,13,2,69,21,5,11,0,1019,0,0,
Brescia,Isorella,08/03/2020,7,2,13,2,69,21,5,11,0,1019,0,0,
Brescia,Lavenone,08/03/2020,9,2,14,2,53,21,7,17,0,1020,0,0,
Brescia,Limone sul Garda,08/03/2020,9,3,14,2,57,20,7,13,0,1019,0,0,
Brescia,Lonato del Garda,08/03/2020,9,2,14,2,53,21,7,17,0,1020,0,0,
Brescia,Losine,08/03/2020,9,2,14,2,53,21,7,17,0,1020,0,0,
Brescia,Leno,08/03/2020,7,2,13,2,69,21,5,11,0,1019,0,0,
Brescia,Lumezzane,08/03/2020,7,2,13,2,69,21,5,11,0,1019,0,0,
Brescia,Lograto,08/03/2020,7,2,13,2,69,21,5,11,0,1019,0,0,
Brescia,Malegno,08/03/2020,9,2,14,2,53,21,7,17,0,1020,0,0,
Brescia,Longhena,08/03/2020,7,2,13,2,69,21,5,11,0,1019,0,0,
Brescia,Manerba del Garda,08/03/2020,9,2,14,2,53,21,7,17,0,1020,0,0,
Brescia,Manerbio,08/03/2020,7,2,13,2,69,21,5,11,0,1019,0,0,
Brescia,Maclodio,08/03/2020,7,2,13,2,69,21,5,11,0,1019,0,0,
Brescia,Marcheno,08/03/2020,7,2,13,2,69,21,5,11,0,1019,0,0,
Brescia,Mairano,08/03/2020,7,2,13,2,69,21,5,11,0,1019,0,0,
Brescia,Milzano,08/03/2020,7,2,13,2,69,21,5,11,0,1019,0,0,
Brescia,Moniga del Garda,08/03/2020,9,2,14,2,53,21,7,17,0,1020,0,0,
Brescia,Marone,08/03/2020,7,2,13,2,69,21,5,11,0,1019,0,0,
Brescia,Mazzano,08/03/2020,9,2,14,2,53,21,7,17,0,1020,0,0,
Brescia,Monticelli Brusati,08/03/2020,7,2,13,2,69,21,5,11,0,1019,0,0,
Brescia,Montirone,08/03/2020,7,2,13,2,69,21,5,11,0,1019,0,0,
Brescia,Monte Isola,08/03/2020,7,2,13,2,69,21,5,11,0,1019,0,0,
Brescia,Muscoline,08/03/2020,9,2,14,2,53,21,7,17,0,1020,0,0,
Brescia,Montichiari,08/03/2020,9,2,14,2,53,21,7,17,0,1020,0,0,
Brescia,Nave,08/03/2020,7,2,13,2,69,21,5,11,0,1019,0,0,
Brescia,Niardo,08/03/2020,9,2,14,2,53,21,7,17,0,1020,0,0,
Brescia,Nuvolento,08/03/2020,9,2,14,2,53,21,7,17,0,1020,0,0,
Brescia,Nuvolera,08/03/2020,9,2,14,2,53,21,7,17,0,1020,0,0,
Brescia,Odolo,08/03/2020,9,2,14,2,53,21,7,17,0,1020,0,0,
Brescia,Ome,08/03/2020,7,2,13,2,69,21,5,11,0,1019,0,0,
Brescia,Offlaga,08/03/2020,7,2,13,2,69,21,5,11,0,1019,0,0,
Brescia,Orzinuovi,08/03/2020,7,2,13,2,69,21,5,11,0,1019,0,0,
Brescia,Orzivecchi,08/03/2020,7,2,13,2,69,21,5,11,0,1019,0,0,
Brescia,Ospitaletto,08/03/2020,7,2,13,2,69,21,5,11,0,1019,0,0,
Brescia,Padenghe sul Garda,08/03/2020,9,2,14,2,53,21,7,17,0,1020,0,0,
Brescia,Paderno Franciacorta,08/03/2020,7,2,13,2,69,21,5,11,0,1019,0,0,
Brescia,Paratico,08/03/2020,8,2,13,2,51,20,8,13,0,1020,0,0,
Brescia,Paitone,08/03/2020,9,2,14,2,53,21,7,17,0,1020,0,0,
Brescia,Palazzolo sull'Oglio,08/03/2020,8,2,13,2,51,20,8,13,0,1020,0,0,
Brescia,Passirano,08/03/2020,7,2,13,2,69,21,5,11,0,1019,0,0,
Brescia,Pavone del Mella,08/03/2020,7,2,13,2,69,21,5,11,0,1019,0,0,
Brescia,Pian Camuno,08/03/2020,7,2,13,2,69,21,5,11,0,1019,0,0,
Brescia,Piancogno,08/03/2020,9,2,14,2,53,21,7,17,0,1020,0,0,
Brescia,Pisogne,08/03/2020,8,2,13,2,51,20,8,13,0,1020,0,0,
Brescia,Polaveno,08/03/2020,8,2,13,2,51,20,8,13,0,1020,0,0,
Brescia,Polpenazze del Garda,08/03/2020,9,2,14,2,53,21,7,17,0,1020,0,0,
Brescia,Pompiano,08/03/2020,7,2,13,2,69,21,5,11,0,1019,0,0,
Brescia,Poncarale,08/03/2020,7,2,13,2,69,21,5,11,0,1019,0,0,
Brescia,Ponte San Marco,08/03/2020,9,2,14,2,53,21,7,17,0,1020,0,0,
Brescia,Pontevico,08/03/2020,7,2,13,2,69,21,5,11,0,1019,0,0,
Brescia,Pontoglio,08/03/2020,8,2,13,2,51,20,8,13,0,1020,0,0,
Brescia,Pozzolengo,08/03/2020,9,3,14,2,57,20,7,13,0,1019,0,0,
Brescia,Pralboino,08/03/2020,7,2,13,2,69,21,5,11,0,1019,0,0,
Brescia,Preseglie,08/03/2020,9,2,14,2,53,21,7,17,0,1020,0,0,
Brescia,Prevalle,08/03/2020,9,2,14,2,53,21,7,17,0,1020,0,0,
Brescia,Provaglio d'Iseo,08/03/2020,7,2,13,2,69,21,5,11,0,1019,0,0,
Brescia,Puegnago sul Garda,08/03/2020,9,2,14,2,53,21,7,17,0,1020,0,0,
Brescia,Quinzano d'Oglio,08/03/2020,7,2,13,2,69,21,5,11,0,1019,0,0,
Brescia,Remedello,08/03/2020,9,2,14,2,53,21,7,17,0,1020,0,0,
Brescia,Rezzato,08/03/2020,9,2,14,2,53,21,7,17,0,1020,0,0,
Brescia,Roccafranca,08/03/2020,8,2,13,2,51,20,8,13,0,1020,0,0,
Brescia,Rodengo-Saiano,08/03/2020,7,2,13,2,69,21,5,11,0,1019,0,0,
Brescia,Roncadelle,08/03/2020,7,2,13,2,69,21,5,11,0,1019,0,0,
Brescia,Rovato,08/03/2020,7,2,13,2,69,21,5,11,0,1019,0,0,
Brescia,Rudiano,08/03/2020,8,2,13,2,51,20,8,13,0,1020,0,0,
Brescia,Sabbio Chiese,08/03/2020,9,2,14,2,53,21,7,17,0,1020,0,0,
Brescia,Sale Marasino,08/03/2020,7,2,13,2,69,21,5,11,0,1019,0,0,
Brescia,San Felice del Benaco,08/03/2020,9,2,14,2,53,21,7,17,0,1020,0,0,
Brescia,San Gervasio Bresciano,08/03/2020,7,2,13,2,69,21,5,11,0,1019,0,0,
Brescia,San Paolo,08/03/2020,7,2,13,2,69,21,5,11,0,1019,0,0,
Brescia,San Zeno Naviglio,08/03/2020,7,2,13,2,69,21,5,11,0,1019,0,0,
Brescia,Sarezzo,08/03/2020,7,2,13,2,69,21,5,11,0,1019,0,0,
Brescia,Sellero,08/03/2020,9,2,14,2,53,21,7,17,0,1020,0,0,
Brescia,Seniga,08/03/2020,7,2,13,2,69,21,5,11,0,1019,0,0,
Brescia,Serle,08/03/2020,9,2,14,2,53,21,7,17,0,1020,0,0,
Brescia,Sirmione,08/03/2020,9,3,14,2,57,20,7,13,0,1019,0,0,
Brescia,Soiano del Lago,08/03/2020,9,2,14,2,53,21,7,17,0,1020,0,0,
Brescia,Sulzano,08/03/2020,7,2,13,2,69,21,5,11,0,1019,0,0,
Brescia,Tavernole sul Mella,08/03/2020,7,2,13,2,69,21,5,11,0,1019,0,0,
Brescia,Tignale,08/03/2020,9,3,14,2,57,20,7,13,0,1019,0,0,
Brescia,Torbole Casaglia,08/03/2020,7,2,13,2,69,21,5,11,0,1019,0,0,
Brescia,Toscolano-Maderno,08/03/2020,9,3,14,2,57,20,7,13,0,1019,0,0,
Brescia,Travagliato,08/03/2020,7,2,13,2,69,21,5,11,0,1019,0,0,
Brescia,Tremosine,08/03/2020,9,3,14,2,57,20,7,13,0,1019,0,0,
Brescia,Trenzano,08/03/2020,7,2,13,2,69,21,5,11,0,1019,0,0,
Brescia,Urago d'Oglio,08/03/2020,8,2,13,2,51,20,8,13,0,1020,0,0,
Brescia,Vallio Terme,08/03/2020,9,2,14,2,53,21,7,17,0,1020,0,0,
Brescia,Verolanuova,08/03/2020,7,2,13,2,69,21,5,11,0,1019,0,0,
Brescia,Verolavecchia,08/03/2020,7,2,13,2,69,21,5,11,0,1019,0,0,
Brescia,Vestone,08/03/2020,9,2,14,2,53,21,7,17,0,1020,0,0,
Brescia,Villa Carcina,08/03/2020,7,2,13,2,69,21,5,11,0,1019,0,0,
Brescia,Villachiara,08/03/2020,7,2,13,2,69,21,5,11,0,1019,0,0,
Brescia,Villanuova sul Clisi,08/03/2020,9,2,14,2,53,21,7,17,0,1020,0,0,
Brescia,Visano,08/03/2020,9,2,14,2,53,21,7,17,0,1020,0,0,
Brescia,Vobarno,08/03/2020,9,2,14,2,53,21,7,17,0,1020,0,0,
Como,Albavilla,08/03/2020,9,1,14,2,61,21,5,9,0,1020,0,0,
Como,Albese con Cassano,08/03/2020,9,1,14,2,61,21,5,9,0,1020,0,0,
Como,Albiolo,08/03/2020,7,-2,14,0,48,20,8,17,0,1019,0,0,
Como,Alserio,08/03/2020,9,1,14,2,61,21,5,9,0,1020,0,0,
Como,Alzate Brianza,08/03/2020,9,1,14,2,61,21,5,9,0,1020,0,0,
Como,Anzano del Parco,08/03/2020,9,1,14,2,61,21,5,9,0,1020,0,0,
Como,Appiano Gentile,08/03/2020,7,-2,14,0,48,20,8,17,0,1019,0,0,
Como,Argegno,08/03/2020,7,-2,14,0,48,20,8,17,0,1019,0,0,
Como,Arosio,08/03/2020,9,1,14,2,61,21,5,9,0,1020,0,0,
Como,Asso,08/03/2020,9,1,14,2,61,21,5,9,0,1020,0,0,
Como,Barni,08/03/2020,7,-2,14,0,48,20,8,17,0,1019,0,0,
Como,Bellagio,08/03/2020,7,-2,14,0,48,20,8,17,0,1019,0,0,
Como,Bene Lario,08/03/2020,7,-2,14,0,48,20,8,17,0,1019,0,0,
Como,Beregazzo con Figliaro,08/03/2020,7,-2,14,0,48,20,8,17,0,1019,0,0,
Como,Binago,08/03/2020,7,-2,14,0,48,20,8,17,0,1019,0,0,
Como,Bizzarone,08/03/2020,7,-2,14,0,48,20,8,17,0,1019,0,0,
Como,Blessagno,08/03/2020,7,-2,14,0,48,20,8,17,0,1019,0,0,
Como,Blevio,08/03/2020,7,-2,14,0,48,20,8,17,0,1019,0,0,
Como,Bregnano,08/03/2020,9,1,14,2,61,21,5,9,0,1020,0,0,
Como,Brenna,08/03/2020,9,1,14,2,61,21,5,9,0,1020,0,0,
Como,Brienno,08/03/2020,7,-2,14,0,48,20,8,17,0,1019,0,0,
Como,Brunate,08/03/2020,7,-2,14,0,48,20,8,17,0,1019,0,0,
Como,Bulgarograsso,08/03/2020,7,-2,14,0,48,20,8,17,0,1019,0,0,
Como,Cabiate,08/03/2020,9,1,14,2,61,21,5,9,0,1020,0,0,
Como,Cadorago,08/03/2020,7,-2,14,0,48,20,8,17,0,1019,0,0,
Como,Cagno,08/03/2020,7,-2,14,0,48,20,8,17,0,1019,0,0,
Como,Campione d'Italia,08/03/2020,7,-2,14,0,48,20,8,17,0,1019,0,0,
Como,Canzo,08/03/2020,9,1,14,2,61,21,5,9,0,1020,0,0,
Como,Capiago Intimiano,08/03/2020,9,1,14,2,61,21,5,9,0,1020,0,0,
Como,Carate Urio,08/03/2020,7,-2,14,0,48,20,8,17,0,1019,0,0,
Como,Carbonate,08/03/2020,7,-2,14,0,48,20,8,17,0,1019,0,0,
Como,Carimate,08/03/2020,9,1,14,2,61,21,5,9,0,1020,0,0,
Como,Carlazzo,08/03/2020,7,-2,14,0,48,20,8,17,0,1019,0,0,
Como,Carugo,08/03/2020,9,1,14,2,61,21,5,9,0,1020,0,0,
Como,Caslino d'Erba,08/03/2020,9,1,14,2,61,21,5,9,0,1020,0,0,
Como,Casnate con Bernate,08/03/2020,7,-2,14,0,48,20,8,17,0,1019,0,0,
Como,Cassina Rizzardi,08/03/2020,7,-2,14,0,48,20,8,17,0,1019,0,0,
Como,Castelmarte,08/03/2020,9,1,14,2,61,21,5,9,0,1020,0,0,
Como,Castelnuovo Bozzente,08/03/2020,7,-2,14,0,48,20,8,17,0,1019,0,0,
Como,Castiglione d'Intelvi,08/03/2020,7,-2,14,0,48,20,8,17,0,1019,0,0,
Como,Cavallasca,08/03/2020,7,-2,14,0,48,20,8,17,0,1019,0,0,
Como,Cerano d'Intelvi,08/03/2020,7,-2,14,0,48,20,8,17,0,1019,0,0,
Como,Cermenate,08/03/2020,9,1,14,2,61,21,5,9,0,1020,0,0,
Como,Cernobbio,08/03/2020,7,-2,14,0,48,20,8,17,0,1019,0,0,
Como,Cirimido,08/03/2020,7,-2,14,0,48,20,8,17,0,1019,0,0,
Como,Civenna,08/03/2020,7,-2,14,0,48,20,8,17,0,1019,0,0,
Como,Claino con Osteno,08/03/2020,7,-2,14,0,48,20,8,17,0,1019,0,0,
Como,Colonno,08/03/2020,7,-2,14,0,48,20,8,17,0,1019,0,0,
Como,Colverde,08/03/2020,7,-2,14,0,48,20,8,17,0,1019,0,0,
Como,Como,08/03/2020,7,-2,14,0,48,20,8,17,0,1019,0,0,
Como,Corrido,08/03/2020,7,-2,14,0,48,20,8,17,0,1019,0,0,
Como,Cucciago,08/03/2020,9,1,14,2,61,21,5,9,0,1020,0,0,
Como,Dizzasco,08/03/2020,7,-2,14,0,48,20,8,17,0,1019,0,0,
Como,Drezzo,08/03/2020,7,-2,14,0,48,20,8,17,0,1019,0,0,
Como,Erba,08/03/2020,9,1,14,2,61,21,5,9,0,1020,0,0,
Como,Eupilio,08/03/2020,9,1,14,2,61,21,5,9,0,1020,0,0,
Como,Faggeto Lario,08/03/2020,7,-2,14,0,48,20,8,17,0,1019,0,0,
Como,Faloppio,08/03/2020,7,-2,14,0,48,20,8,17,0,1019,0,0,
Como,Figino Serenza,08/03/2020,9,1,14,2,61,21,5,9,0,1020,0,0,
Como,Fino Mornasco,08/03/2020,7,-2,14,0,48,20,8,17,0,1019,0,0,
Como,Gironico,08/03/2020,7,-2,14,0,48,20,8,17,0,1019,0,0,
Como,Grandate,08/03/2020,7,-2,14,0,48,20,8,17,0,1019,0,0,
Como,Grandola ed Uniti,08/03/2020,7,-2,14,0,48,20,8,17,0,1019,0,0,
Como,Griante,08/03/2020,7,-2,14,0,48,20,8,17,0,1019,0,0,
Como,Guanzate,08/03/2020,7,-2,14,0,48,20,8,17,0,1019,0,0,
Como,Inverigo,08/03/2020,9,1,14,2,61,21,5,9,0,1020,0,0,
Como,Laglio,08/03/2020,7,-2,14,0,48,20,8,17,0,1019,0,0,
Como,Laino,08/03/2020,7,-2,14,0,48,20,8,17,0,1019,0,0,
Como,Lambrugo,08/03/2020,9,1,14,2,61,21,5,9,0,1020,0,0,
Como,Lasnigo,08/03/2020,7,-2,14,0,48,20,8,17,0,1019,0,0,
Como,Lenno,08/03/2020,7,-2,14,0,48,20,8,17,0,1019,0,0,
Como,Lezzeno,08/03/2020,7,-2,14,0,48,20,8,17,0,1019,0,0,
Como,Limido Comasco,08/03/2020,7,-2,14,0,48,20,8,17,0,1019,0,0,
Como,Lipomo,08/03/2020,7,-2,14,0,48,20,8,17,0,1019,0,0,
Como,Locate Varesino,08/03/2020,7,-2,14,0,48,20,8,17,0,1019,0,0,
Como,Lomazzo,08/03/2020,7,-2,14,0,48,20,8,17,0,1019,0,0,
Como,Longone al Segrino,08/03/2020,9,1,14,2,61,21,5,9,0,1020,0,0,
Como,Luisago,08/03/2020,7,-2,14,0,48,20,8,17,0,1019,0,0,
Como,Lurago d'Erba,08/03/2020,9,1,14,2,61,21,5,9,0,1020,0,0,
Como,Lurago Marinone,08/03/2020,7,-2,14,0,48,20,8,17,0,1019,0,0,
Como,Lurate Caccivio,08/03/2020,7,-2,14,0,48,20,8,17,0,1019,0,0,
Como,Magreglio,08/03/2020,7,-2,14,0,48,20,8,17,0,1019,0,0,
Como,Mariano Comense,08/03/2020,9,1,14,2,61,21,5,9,0,1020,0,0,
Como,Maslianico,08/03/2020,7,-2,14,0,48,20,8,17,0,1019,0,0,
Como,Menaggio,08/03/2020,7,-2,14,0,48,20,8,17,0,1019,0,0,
Como,Merone,08/03/2020,9,1,14,2,61,21,5,9,0,1020,0,0,
Como,Mezzegra,08/03/2020,7,-2,14,0,48,20,8,17,0,1019,0,0,
Como,Moltrasio,08/03/2020,7,-2,14,0,48,20,8,17,0,1019,0,0,
Como,Monguzzo,08/03/2020,9,1,14,2,61,21,5,9,0,1020,0,0,
Como,Montano Lucino,08/03/2020,7,-2,14,0,48,20,8,17,0,1019,0,0,
Como,Montorfano,08/03/2020,9,1,14,2,61,21,5,9,0,1020,0,0,
Como,Mozzate,08/03/2020,7,-2,14,0,48,20,8,17,0,1019,0,0,
Como,Nesso,08/03/2020,7,-2,14,0,48,20,8,17,0,1019,0,0,
Como,Novedrate,08/03/2020,9,1,14,2,61,21,5,9,0,1020,0,0,
Como,Olgiate Comasco,08/03/2020,7,-2,14,0,48,20,8,17,0,1019,0,0,
Como,Oltrona di San Mamette,08/03/2020,7,-2,14,0,48,20,8,17,0,1019,0,0,
Como,Orsenigo,08/03/2020,9,1,14,2,61,21,5,9,0,1020,0,0,
Como,Ossuccio,08/03/2020,7,-2,14,0,48,20,8,17,0,1019,0,0,
Como,Pellio Intelvi,08/03/2020,7,-2,14,0,48,20,8,17,0,1019,0,0,
Como,Plesio,08/03/2020,7,-2,14,0,48,20,8,17,0,1019,0,0,
Como,Pognana Lario,08/03/2020,7,-2,14,0,48,20,8,17,0,1019,0,0,
Como,Ponte Lambro,08/03/2020,9,1,14,2,61,21,5,9,0,1020,0,0,
Como,Porlezza,08/03/2020,7,-2,14,0,48,20,8,17,0,1019,0,0,
Como,Proserpio,08/03/2020,9,1,14,2,61,21,5,9,0,1020,0,0,
Como,Pusiano,08/03/2020,9,1,14,2,61,21,5,9,0,1020,0,0,
Como,Ramponio Verna,08/03/2020,7,-2,14,0,48,20,8,17,0,1019,0,0,
Como,Rezzago,08/03/2020,7,-2,14,0,48,20,8,17,0,1019,0,0,
Como,Rodero,08/03/2020,7,-2,14,0,48,20,8,17,0,1019,0,0,
Como,Ronago,08/03/2020,7,-2,14,0,48,20,8,17,0,1019,0,0,
Como,Rovellasca,08/03/2020,9,1,14,2,61,21,5,9,0,1020,0,0,
Como,Rovello Porro,08/03/2020,9,1,14,2,61,21,5,9,0,1020,0,0,
Como,Sala Comacina,08/03/2020,7,-2,14,0,48,20,8,17,0,1019,0,0,
Como,San Fedele Intelvi,08/03/2020,7,-2,14,0,48,20,8,17,0,1019,0,0,
Como,San Fermo della Battaglia,08/03/2020,7,-2,14,0,48,20,8,17,0,1019,0,0,
Como,Sant'Abbondio,08/03/2020,7,-2,14,0,48,20,8,17,0,1019,0,0,
Como,Schignano,08/03/2020,7,-2,14,0,48,20,8,17,0,1019,0,0,
Como,Senna Comasco,08/03/2020,9,1,14,2,61,21,5,9,0,1020,0,0,
Como,Solbiate,08/03/2020,7,-2,14,0,48,20,8,17,0,1019,0,0,
Como,Sormano,08/03/2020,7,-2,14,0,48,20,8,17,0,1019,0,0,
Como,Tavernerio,08/03/2020,7,-2,14,0,48,20,8,17,0,1019,0,0,
Como,Torno,08/03/2020,7,-2,14,0,48,20,8,17,0,1019,0,0,
Como,Tremezzina,08/03/2020,7,-2,14,0,48,20,8,17,0,1019,0,0,
Como,Tremezzo,08/03/2020,7,-2,14,0,48,20,8,17,0,1019,0,0,
Como,Turate,08/03/2020,9,1,14,2,61,21,5,9,0,1020,0,0,
Como,Uggiate-Trevano,08/03/2020,7,-2,14,0,48,20,8,17,0,1019,0,0,
Como,Valbrona,08/03/2020,9,1,14,2,61,21,5,9,0,1020,0,0,
Como,Valmorea,08/03/2020,7,-2,14,0,48,20,8,17,0,1019,0,0,
Como,Valsolda,08/03/2020,7,-2,14,0,48,20,8,17,0,1019,0,0,
Como,Veniano,08/03/2020,7,-2,14,0,48,20,8,17,0,1019,0,0,
Como,Vertemate con Minoprio,08/03/2020,7,-2,14,0,48,20,8,17,0,1019,0,0,
Como,Villa Guardia,08/03/2020,7,-2,14,0,48,20,8,17,0,1019,0,0,
Cremona,Acquanegra Cremonese,08/03/2020,9,2,13,3,62,20,5,9,0,1019,0,0,
Cremona,Annicco,08/03/2020,9,2,13,3,62,20,5,9,0,1019,0,0,
Cremona,Azzanello,08/03/2020,9,2,13,3,62,20,5,9,0,1019,0,0,
Cremona,Bonemerse,08/03/2020,7,2,13,2,69,21,5,11,0,1019,0,0,
Cremona,Bordolano,08/03/2020,7,2,13,2,69,21,5,11,0,1019,0,0,
Cremona,Ca' d'Andrea,08/03/2020,7,2,13,2,69,21,5,11,0,1019,0,0,
Cremona,Calvatone,08/03/2020,9,2,14,2,53,21,7,17,0,1020,0,0,
Cremona,Cappella Cantone,08/03/2020,9,2,13,3,62,20,5,9,0,1019,0,0,
Cremona,Cappella De' Picenardi,08/03/2020,7,2,13,2,69,21,5,11,0,1019,0,0,
Cremona,Casalbuttano ed Uniti,08/03/2020,9,2,13,3,62,20,5,9,0,1019,0,0,
Cremona,Casalmaggiore,08/03/2020,10,2,14,7,85,20,6,11,0,1020,0,0,
Cremona,Casalmorano,08/03/2020,9,2,13,3,62,20,5,9,0,1019,0,0,
Cremona,Casteldidone,08/03/2020,10,2,14,7,85,20,6,11,0,1020,0,0,
Cremona,Castelleone,08/03/2020,9,2,13,3,62,20,5,9,0,1019,0,0,
Cremona,Castelverde,08/03/2020,9,2,13,3,62,20,5,9,0,1019,0,0,
Cremona,Castelvisconti,08/03/2020,7,2,13,2,69,21,5,11,0,1019,0,0,
Cremona,Cella Dati,08/03/2020,7,2,13,2,69,21,5,11,0,1019,0,0,
Cremona,Cicognolo,08/03/2020,7,2,13,2,69,21,5,11,0,1019,0,0,
Cremona,Cingia de' Botti,08/03/2020,10,2,14,7,85,20,6,11,0,1020,0,0,
Cremona,Corte de' Cortesi con Cignone,08/03/2020,7,2,13,2,69,21,5,11,0,1019,0,0,
Cremona,Corte de' Frati,08/03/2020,7,2,13,2,69,21,5,11,0,1019,0,0,
Cremona,Cremona,08/03/2020,9,2,13,3,62,20,5,9,0,1019,0,0,
Cremona,Crotta d'Adda,08/03/2020,9,2,13,3,62,20,5,9,0,1019,0,0,
Cremona,Cumignano sul Naviglio,08/03/2020,9,2,13,3,62,20,5,9,0,1019,0,0,
Cremona,Derovere,08/03/2020,7,2,13,2,69,21,5,11,0,1019,0,0,
Cremona,Drizzona,08/03/2020,7,2,13,2,69,21,5,11,0,1019,0,0,
Cremona,Formigara,08/03/2020,9,2,13,3,62,20,5,9,0,1019,0,0,
Cremona,Gabbioneta-Binanuova,08/03/2020,7,2,13,2,69,21,5,11,0,1019,0,0,
Cremona,Gadesco-Pieve Delmona,08/03/2020,7,2,13,2,69,21,5,11,0,1019,0,0,
Cremona,Genivolta,08/03/2020,9,2,13,3,62,20,5,9,0,1019,0,0,
Cremona,Gerre de' Caprioli,08/03/2020,9,2,13,3,62,20,5,9,0,1019,0,0,
Cremona,Gombito,08/03/2020,9,2,13,3,62,20,5,9,0,1019,0,0,
Cremona,Grontardo,08/03/2020,7,2,13,2,69,21,5,11,0,1019,0,0,
Cremona,Grumello Cremonese ed Uniti,08/03/2020,9,2,13,3,62,20,5,9,0,1019,0,0,
Cremona,Gussola,08/03/2020,10,2,14,7,85,20,6,11,0,1020,0,0,
Cremona,Isola Dovarese,08/03/2020,7,2,13,2,69,21,5,11,0,1019,0,0,
Cremona,Malagnino,08/03/2020,7,2,13,2,69,21,5,11,0,1019,0,0,
Cremona,Martignana di Po,08/03/2020,10,2,14,7,85,20,6,11,0,1020,0,0,
Cremona,Montodine,08/03/2020,9,2,13,3,62,20,5,9,0,1019,0,0,
Cremona,Moscazzano,08/03/2020,9,2,13,3,62,20,5,9,0,1019,0,0,
Cremona,Motta Baluffi,08/03/2020,10,2,14,7,85,20,6,11,0,1020,0,0,
Cremona,Olmeneta,08/03/2020,7,2,13,2,69,21,5,11,0,1019,0,0,
Cremona,Ostiano,08/03/2020,7,2,13,2,69,21,5,11,0,1019,0,0,
Cremona,Paderno Ponchielli,08/03/2020,9,2,13,3,62,20,5,9,0,1019,0,0,
Cremona,Persico Dosimo,08/03/2020,7,2,13,2,69,21,5,11,0,1019,0,0,
Cremona,Pescarolo ed Uniti,08/03/2020,7,2,13,2,69,21,5,11,0,1019,0,0,
Cremona,Pessina Cremonese,08/03/2020,7,2,13,2,69,21,5,11,0,1019,0,0,
Cremona,Piadena,08/03/2020,7,2,13,2,69,21,5,11,0,1019,0,0,
Cremona,Pieve d'Olmi,08/03/2020,7,2,13,2,69,21,5,11,0,1019,0,0,
Cremona,Pieve San Giacomo,08/03/2020,7,2,13,2,69,21,5,11,0,1019,0,0,
Cremona,Pizzighettone,08/03/2020,9,2,13,3,62,20,5,9,0,1019,0,0,
Cremona,Pozzaglio ed Uniti,08/03/2020,7,2,13,2,69,21,5,11,0,1019,0,0,
Cremona,Ripalta Arpina,08/03/2020,9,2,13,3,62,20,5,9,0,1019,0,0,
Cremona,Rivarolo del Re ed Uniti,08/03/2020,10,2,14,7,85,20,6,11,0,1020,0,0,
Cremona,Robecco d'Oglio,08/03/2020,7,2,13,2,69,21,5,11,0,1019,0,0,
Cremona,San Bassano,08/03/2020,9,2,13,3,62,20,5,9,0,1019,0,0,
Cremona,San Daniele Po,08/03/2020,10,2,14,7,85,20,6,11,0,1020,0,0,
Cremona,San Giovanni in Croce,08/03/2020,10,2,14,7,85,20,6,11,0,1020,0,0,
Cremona,San Martino del Lago,08/03/2020,10,2,14,7,85,20,6,11,0,1020,0,0,
Cremona,Scandolara Ravara,08/03/2020,10,2,14,7,85,20,6,11,0,1020,0,0,
Cremona,Scandolara Ripa d'Oglio,08/03/2020,7,2,13,2,69,21,5,11,0,1019,0,0,
Cremona,Sesto ed Uniti,08/03/2020,9,2,13,3,62,20,5,9,0,1019,0,0,
Cremona,Solarolo Rainerio,08/03/2020,10,2,14,7,85,20,6,11,0,1020,0,0,
Cremona,Soncino,08/03/2020,8,2,13,2,51,20,8,13,0,1020,0,0,
Cremona,Soresina,08/03/2020,9,2,13,3,62,20,5,9,0,1019,0,0,
Cremona,Sospiro,08/03/2020,7,2,13,2,69,21,5,11,0,1019,0,0,
Cremona,Spinadesco,08/03/2020,9,2,13,3,62,20,5,9,0,1019,0,0,
Cremona,Spineda,08/03/2020,10,2,14,7,85,20,6,11,0,1020,0,0,
Cremona,Stagno Lombardo,08/03/2020,10,2,14,7,85,20,6,11,0,1020,0,0,
Cremona,Tornata,08/03/2020,9,2,14,2,53,21,7,17,0,1020,0,0,
Cremona,Torre de' Picenardi,08/03/2020,7,2,13,2,69,21,5,11,0,1019,0,0,
Cremona,Torricella del Pizzo,08/03/2020,10,2,14,7,85,20,6,11,0,1020,0,0,
Cremona,Trigolo,08/03/2020,9,2,13,3,62,20,5,9,0,1019,0,0,
Cremona,Vescovato,08/03/2020,7,2,13,2,69,21,5,11,0,1019,0,0,
Cremona,Volongo,08/03/2020,7,2,13,2,69,21,5,11,0,1019,0,0,
Cremona,Voltido,08/03/2020,7,2,13,2,69,21,5,11,0,1019,0,0,
Lecco,Abbadia Lariana,08/03/2020,8,2,13,2,51,20,8,13,0,1020,0,0,
Lecco,Airuno,08/03/2020,8,2,13,2,51,20,8,13,0,1020,0,0,
Lecco,Annone di Brianza,08/03/2020,9,1,14,2,61,21,5,9,0,1020,0,0,
Lecco,Barzago,08/03/2020,9,1,14,2,61,21,5,9,0,1020,0,0,
Lecco,Bosisio Parini,08/03/2020,9,1,14,2,61,21,5,9,0,1020,0,0,
Lecco,Brivio,08/03/2020,8,2,13,2,51,20,8,13,0,1020,0,0,
Lecco,Bulciago,08/03/2020,9,1,14,2,61,21,5,9,0,1020,0,0,
Lecco,Calolziocorte,08/03/2020,8,2,13,2,51,20,8,13,0,1020,0,0,
Lecco,Carenno,08/03/2020,8,2,13,2,51,20,8,13,0,1020,0,0,
Lecco,Casatenovo,08/03/2020,9,1,14,2,61,21,5,9,0,1020,0,0,
Lecco,Cassago Brianza,08/03/2020,9,1,14,2,61,21,5,9,0,1020,0,0,
Lecco,Castello di Brianza,08/03/2020,9,1,14,2,61,21,5,9,0,1020,0,0,
Lecco,Cesana Brianza,08/03/2020,9,1,14,2,61,21,5,9,0,1020,0,0,
Lecco,Civate,08/03/2020,8,2,13,2,51,20,8,13,0,1020,0,0,
Lecco,Colle Brianza,08/03/2020,8,2,13,2,51,20,8,13,0,1020,0,0,
Lecco,Cortenova,08/03/2020,8,2,13,2,51,20,8,13,0,1020,0,0,
Lecco,Costa Masnaga,08/03/2020,9,1,14,2,61,21,5,9,0,1020,0,0,
Lecco,Cremella,08/03/2020,9,1,14,2,61,21,5,9,0,1020,0,0,
Lecco,Dolzago,08/03/2020,9,1,14,2,61,21,5,9,0,1020,0,0,
Lecco,Ello,08/03/2020,8,2,13,2,51,20,8,13,0,1020,0,0,
Lecco,Erve,08/03/2020,8,2,13,2,51,20,8,13,0,1020,0,0,
Lecco,Galbiate,08/03/2020,8,2,13,2,51,20,8,13,0,1020,0,0,
Lecco,Garbagnate Monastero,08/03/2020,9,1,14,2,61,21,5,9,0,1020,0,0,
Lecco,Garlate,08/03/2020,8,2,13,2,51,20,8,13,0,1020,0,0,
Lecco,Imbersago,08/03/2020,8,2,13,2,51,20,8,13,0,1020,0,0,
Lecco,Introbio,08/03/2020,8,2,13,2,51,20,8,13,0,1020,0,0,
Lecco,Lecco,08/03/2020,8,2,13,2,51,20,8,13,0,1020,0,0,
Lecco,Lierna,08/03/2020,8,2,13,2,51,20,8,13,0,1020,0,0,
Lecco,Malgrate,08/03/2020,8,2,13,2,51,20,8,13,0,1020,0,0,
Lecco,Mandello del Lario,08/03/2020,8,2,13,2,51,20,8,13,0,1020,0,0,
Lecco,Missaglia,08/03/2020,9,1,14,2,61,21,5,9,0,1020,0,0,
Lecco,Molteno,08/03/2020,9,1,14,2,61,21,5,9,0,1020,0,0,
Lecco,Monte Marenzo,08/03/2020,8,2,13,2,51,20,8,13,0,1020,0,0,
Lecco,Monticello Brianza,08/03/2020,9,1,14,2,61,21,5,9,0,1020,0,0,
Lecco,Nibionno,08/03/2020,9,1,14,2,61,21,5,9,0,1020,0,0,
Lecco,Oggiono,08/03/2020,9,1,14,2,61,21,5,9,0,1020,0,0,
Lecco,Olginate,08/03/2020,8,2,13,2,51,20,8,13,0,1020,0,0,
Lecco,Oliveto Lario,08/03/2020,9,1,14,2,61,21,5,9,0,1020,0,0,
Lecco,Pasturo,08/03/2020,8,2,13,2,51,20,8,13,0,1020,0,0,
Lecco,Pescate,08/03/2020,8,2,13,2,51,20,8,13,0,1020,0,0,
Lecco,Primaluna,08/03/2020,8,2,13,2,51,20,8,13,0,1020,0,0,
Lecco,Rogeno,08/03/2020,9,1,14,2,61,21,5,9,0,1020,0,0,
Lecco,Sirone,08/03/2020,9,1,14,2,61,21,5,9,0,1020,0,0,
Lecco,Sirtori,08/03/2020,9,1,14,2,61,21,5,9,0,1020,0,0,
Lecco,Suello,08/03/2020,9,1,14,2,61,21,5,9,0,1020,0,0,
Lecco,Taceno,08/03/2020,8,2,13,2,51,20,8,13,0,1020,0,0,
Lecco,Valgreghentino,08/03/2020,8,2,13,2,51,20,8,13,0,1020,0,0,
Lecco,Valmadrera,08/03/2020,8,2,13,2,51,20,8,13,0,1020,0,0,
Lecco,Varenna,08/03/2020,7,-2,14,0,48,20,8,17,0,1019,0,0,
Lecco,Vercurago,08/03/2020,8,2,13,2,51,20,8,13,0,1020,0,0,
Lodi,Bertonico,08/03/2020,9,2,13,3,62,20,5,9,0,1019,0,0,
Lodi,Brembio,08/03/2020,9,2,13,3,62,20,5,9,0,1019,0,0,
Lodi,Camairago,08/03/2020,9,2,13,3,62,20,5,9,0,1019,0,0,
Lodi,Casalpusterlengo,08/03/2020,9,2,13,3,62,20,5,9,0,1019,0,0,
Lodi,Caselle Landi,08/03/2020,9,2,13,3,62,20,5,9,0,1019,0,0,
Lodi,Castelnuovo Bocca d'Adda,08/03/2020,9,2,13,3,62,20,5,9,0,1019,0,0,
Lodi,Castiglione d'Adda,08/03/2020,9,2,13,3,62,20,5,9,0,1019,0,0,
Lodi,Cavacurta,08/03/2020,9,2,13,3,62,20,5,9,0,1019,0,0,
Lodi,Codogno,08/03/2020,9,2,13,3,62,20,5,9,0,1019,0,0,
Lodi,Corno Giovine,08/03/2020,9,2,13,3,62,20,5,9,0,1019,0,0,
Lodi,Cornovecchio,08/03/2020,9,2,13,3,62,20,5,9,0,1019,0,0,
Lodi,Fombio,08/03/2020,9,2,13,3,62,20,5,9,0,1019,0,0,
Lodi,Guardamiglio,08/03/2020,9,2,13,3,62,20,5,9,0,1019,0,0,
Lodi,Livraga,08/03/2020,9,2,13,3,62,20,5,9,0,1019,0,0,
Lodi,Maccastorna,08/03/2020,9,2,13,3,62,20,5,9,0,1019,0,0,
Lodi,Maleo,08/03/2020,9,2,13,3,62,20,5,9,0,1019,0,0,
Lodi,Meleti,08/03/2020,9,2,13,3,62,20,5,9,0,1019,0,0,
Lodi,Orio Litta,08/03/2020,9,2,13,3,62,20,5,9,0,1019,0,0,
Lodi,Ospedaletto Lodigiano,08/03/2020,9,2,13,3,62,20,5,9,0,1019,0,0,
Lodi,San Fiorano,08/03/2020,9,2,13,3,62,20,5,9,0,1019,0,0,
Lodi,San Rocco al Porto,08/03/2020,9,2,13,3,62,20,5,9,0,1019,0,0,
Lodi,Santo Stefano Lodigiano,08/03/2020,9,2,13,3,62,20,5,9,0,1019,0,0,
Lodi,Secugnago,08/03/2020,9,2,13,3,62,20,5,9,0,1019,0,0,
Lodi,Senna Lodigiana,08/03/2020,9,2,13,3,62,20,5,9,0,1019,0,0,
Lodi,Somaglia,08/03/2020,9,2,13,3,62,20,5,9,0,1019,0,0,
Lodi,Terranova dei Passerini,08/03/2020,9,2,13,3,62,20,5,9,0,1019,0,0,
Lodi,Turano Lodigiano,08/03/2020,9,2,13,3,62,20,5,9,0,1019,0,0,
Mantova,Acquanegra sul Chiese,08/03/2020,9,2,14,2,53,21,7,17,0,1020,0,0,
Mantova,Asola,08/03/2020,9,2,14,2,53,21,7,17,0,1020,0,0,
Mantova,Bagnolo San Vito,08/03/2020,9,3,14,2,57,20,7,13,0,1019,0,0,
Mantova,Bigarello,08/03/2020,9,3,14,2,57,20,7,13,0,1019,0,0,
Mantova,Borgo Virgilio,08/03/2020,9,3,14,2,57,20,7,13,0,1019,0,0,
Mantova,Borgoforte,08/03/2020,9,3,14,2,57,20,7,13,0,1019,0,0,
Mantova,Borgofranco sul Po,08/03/2020,12,6,16,4,59,22,1,8,0,1020,0,0,
Mantova,Bozzolo,08/03/2020,9,2,14,2,53,21,7,17,0,1020,0,0,
Mantova,Canneto sull'Oglio,08/03/2020,7,2,13,2,69,21,5,11,0,1019,0,0,
Mantova,Carbonara di Po,08/03/2020,12,6,16,4,59,22,1,8,0,1020,0,0,
Mantova,Casalmoro,08/03/2020,9,2,14,2,53,21,7,17,0,1020,0,0,
Mantova,Casaloldo,08/03/2020,9,2,14,2,53,21,7,17,0,1020,0,0,
Mantova,Casalromano,08/03/2020,7,2,13,2,69,21,5,11,0,1019,0,0,
Mantova,Castel d'Ario,08/03/2020,9,3,14,2,57,20,7,13,0,1019,0,0,
Mantova,Castel Goffredo,08/03/2020,9,2,14,2,53,21,7,17,0,1020,0,0,
Mantova,Castelbelforte,08/03/2020,9,3,14,2,57,20,7,13,0,1019,0,0,
Mantova,Castellucchio,08/03/2020,9,3,14,2,57,20,7,13,0,1019,0,0,
Mantova,Castiglione delle Stiviere,08/03/2020,9,2,14,2,53,21,7,17,0,1020,0,0,
Mantova,Cavriana,08/03/2020,9,2,14,2,53,21,7,17,0,1020,0,0,
Mantova,Ceresara,08/03/2020,9,2,14,2,53,21,7,17,0,1020,0,0,
Mantova,Commessaggio,08/03/2020,10,2,14,7,85,20,6,11,0,1020,0,0,
Mantova,Curtatone,08/03/2020,9,3,14,2,57,20,7,13,0,1019,0,0,
Mantova,Dosolo,08/03/2020,10,2,14,7,85,20,6,11,0,1020,0,0,
Mantova,Felonica,08/03/2020,12,6,16,4,59,22,1,8,0,1020,0,0,
Mantova,Gazoldo degli Ippoliti,08/03/2020,9,2,14,2,53,21,7,17,0,1020,0,0,
Mantova,Gazzuolo,08/03/2020,10,2,14,7,85,20,6,11,0,1020,0,0,
Mantova,Goito,08/03/2020,9,3,14,2,57,20,7,13,0,1019,0,0,
Mantova,Gonzaga,08/03/2020,9,3,14,2,57,20,7,13,0,1019,0,0,
Mantova,Guidizzolo,08/03/2020,9,2,14,2,53,21,7,17,0,1020,0,0,
Mantova,Magnacavallo,08/03/2020,12,6,16,4,59,22,1,8,0,1020,0,0,
Mantova,Mantova,08/03/2020,9,3,14,2,57,20,7,13,0,1019,0,0,
Mantova,Marcaria,08/03/2020,9,2,14,2,53,21,7,17,0,1020,0,0,
Mantova,Mariana Mantovana,08/03/2020,9,2,14,2,53,21,7,17,0,1020,0,0,
Mantova,Marmirolo,08/03/2020,9,3,14,2,57,20,7,13,0,1019,0,0,
Mantova,Medole,08/03/2020,9,2,14,2,53,21,7,17,0,1020,0,0,
Mantova,Moglia,08/03/2020,9,3,14,2,57,20,7,13,0,1019,0,0,
Mantova,Monzambano,08/03/2020,9,3,14,2,57,20,7,13,0,1019,0,0,
Mantova,Motteggiana,08/03/2020,9,3,14,2,57,20,7,13,0,1019,0,0,
Mantova,Ostiglia,08/03/2020,9,3,14,2,57,20,7,13,0,1019,0,0,
Mantova,Pegognaga,08/03/2020,9,3,14,2,57,20,7,13,0,1019,0,0,
Mantova,Pieve di Coriano,08/03/2020,9,3,14,2,57,20,7,13,0,1019,0,0,
Mantova,Piubega,08/03/2020,9,2,14,2,53,21,7,17,0,1020,0,0,
Mantova,Poggio Rusco,08/03/2020,9,3,14,2,57,20,7,13,0,1019,0,0,
Mantova,Pomponesco,08/03/2020,10,2,14,7,85,20,6,11,0,1020,0,0,
Mantova,Ponti sul Mincio,08/03/2020,9,3,14,2,57,20,7,13,0,1019,0,0,
Mantova,Porto Mantovano,08/03/2020,9,3,14,2,57,20,7,13,0,1019,0,0,
Mantova,Quingentole,08/03/2020,9,3,14,2,57,20,7,13,0,1019,0,0,
Mantova,Quistello,08/03/2020,9,3,14,2,57,20,7,13,0,1019,0,0,
Mantova,Redondesco,08/03/2020,9,2,14,2,53,21,7,17,0,1020,0,0,
Mantova,Revere,08/03/2020,9,3,14,2,57,20,7,13,0,1019,0,0,
Mantova,Rivarolo Mantovano,08/03/2020,10,2,14,7,85,20,6,11,0,1020,0,0,
Mantova,Rodigo,08/03/2020,9,3,14,2,57,20,7,13,0,1019,0,0,
Mantova,Roncoferraro,08/03/2020,9,3,14,2,57,20,7,13,0,1019,0,0,
Mantova,Roverbella,08/03/2020,9,3,14,2,57,20,7,13,0,1019,0,0,
Mantova,Sabbioneta,08/03/2020,10,2,14,7,85,20,6,11,0,1020,0,0,
Mantova,San Benedetto Po,08/03/2020,9,3,14,2,57,20,7,13,0,1019,0,0,
Mantova,San Giacomo delle Segnate,08/03/2020,9,3,14,2,57,20,7,13,0,1019,0,0,
Mantova,San Giorgio di Mantova,08/03/2020,9,3,14,2,57,20,7,13,0,1019,0,0,
Mantova,San Giovanni del Dosso,08/03/2020,9,3,14,2,57,20,7,13,0,1019,0,0,
Mantova,Schivenoglia,08/03/2020,9,3,14,2,57,20,7,13,0,1019,0,0,
Mantova,Sermide,08/03/2020,12,6,16,4,59,22,1,8,0,1020,0,0,
Mantova,San Martino dall'Argine,08/03/2020,9,2,14,2,53,21,7,17,0,1020,0,0,
Mantova,Serravalle a Po,08/03/2020,9,3,14,2,57,20,7,13,0,1019,0,0,
Mantova,Solferino,08/03/2020,9,2,14,2,53,21,7,17,0,1020,0,0,
Mantova,Sustinente,08/03/2020,9,3,14,2,57,20,7,13,0,1019,0,0,
Mantova,Suzzara,08/03/2020,9,3,14,2,57,20,7,13,0,1019,0,0,
Mantova,Viadana,08/03/2020,10,2,14,7,85,20,6,11,0,1020,0,0,
Mantova,Villa Poma,08/03/2020,9,3,14,2,57,20,7,13,0,1019,0,0,
Mantova,Villimpenta,08/03/2020,9,3,14,2,57,20,7,13,0,1019,0,0,
Mantova,Virgilio,08/03/2020,9,3,14,2,57,20,7,13,0,1019,0,0,
undefined,Volta Mantovana,08/03/2020,9,3,14,2,57,20,7,13,0,1019,0,0,
Milano,Abbiategrasso,08/03/2020,9,1,14,2,61,21,5,9,0,1020,0,0,
Milano,Albairate,08/03/2020,9,1,14,2,61,21,5,9,0,1020,0,0,
Milano,Arese,08/03/2020,9,1,14,2,61,21,5,9,0,1020,0,0,
Milano,Arluno,08/03/2020,9,1,14,2,61,21,5,9,0,1020,0,0,
Milano,Assago,08/03/2020,9,1,14,2,61,21,5,9,0,1020,0,0,
Milano,Baranzate,08/03/2020,9,1,14,2,61,21,5,9,0,1020,0,0,
Milano,Bareggio,08/03/2020,9,1,14,2,61,21,5,9,0,1020,0,0,
Milano,Basiglio,08/03/2020,9,1,14,2,61,21,5,9,0,1020,0,0,
Milano,Besate,08/03/2020,9,1,14,2,61,21,5,9,0,1020,0,0,
Milano,Binasco,08/03/2020,9,1,14,2,61,21,5,9,0,1020,0,0,
Milano,Bollate,08/03/2020,9,1,14,2,61,21,5,9,0,1020,0,0,
Milano,Bresso,08/03/2020,9,1,14,2,61,21,5,9,0,1020,0,0,
Milano,Bubbiano,08/03/2020,9,1,14,2,61,21,5,9,0,1020,0,0,
Milano,Buccinasco,08/03/2020,9,1,14,2,61,21,5,9,0,1020,0,0,
Milano,Calvignasco,08/03/2020,9,1,14,2,61,21,5,9,0,1020,0,0,
Milano,Canegrate,08/03/2020,9,1,14,2,61,21,5,9,0,1020,0,0,
Milano,Carpiano,08/03/2020,9,1,14,2,61,21,5,9,0,1020,0,0,
Milano,Carugate,08/03/2020,9,1,14,2,61,21,5,9,0,1020,0,0,
Milano,Casarile,08/03/2020,9,1,14,2,61,21,5,9,0,1020,0,0,
Milano,Cernusco sul Naviglio,08/03/2020,9,1,14,2,61,21,5,9,0,1020,0,0,
Milano,Cerro al Lambro,08/03/2020,9,1,14,2,61,21,5,9,0,1020,0,0,
Milano,Cerro Maggiore,08/03/2020,9,1,14,2,61,21,5,9,0,1020,0,0,
Milano,Cesano Boscone,08/03/2020,9,1,14,2,61,21,5,9,0,1020,0,0,
Milano,Cesate,08/03/2020,9,1,14,2,61,21,5,9,0,1020,0,0,
Milano,Cinisello Balsamo,08/03/2020,9,1,14,2,61,21,5,9,0,1020,0,0,
Milano,Cisliano,08/03/2020,9,1,14,2,61,21,5,9,0,1020,0,0,
Milano,Civesio,08/03/2020,9,1,14,2,61,21,5,9,0,1020,0,0,
Milano,Cologno Monzese,08/03/2020,9,1,14,2,61,21,5,9,0,1020,0,0,
Milano,Colturano,08/03/2020,9,1,14,2,61,21,5,9,0,1020,0,0,
Milano,Corbetta,08/03/2020,9,1,14,2,61,21,5,9,0,1020,0,0,
Milano,Cormano,08/03/2020,9,1,14,2,61,21,5,9,0,1020,0,0,
Milano,Cornaredo,08/03/2020,9,1,14,2,61,21,5,9,0,1020,0,0,
Milano,Corsico,08/03/2020,9,1,14,2,61,21,5,9,0,1020,0,0,
Milano,Cusago,08/03/2020,9,1,14,2,61,21,5,9,0,1020,0,0,
Milano,Cusano Milanino,08/03/2020,9,1,14,2,61,21,5,9,0,1020,0,0,
Milano,Gaggiano,08/03/2020,9,1,14,2,61,21,5,9,0,1020,0,0,
Milano,Fizzonasco,08/03/2020,9,1,14,2,61,21,5,9,0,1020,0,0,
Milano,Garbagnate Milanese,08/03/2020,9,1,14,2,61,21,5,9,0,1020,0,0,
Milano,Gudo Visconti,08/03/2020,9,1,14,2,61,21,5,9,0,1020,0,0,
Milano,Lacchiarella,08/03/2020,9,1,14,2,61,21,5,9,0,1020,0,0,
Milano,Lainate,08/03/2020,9,1,14,2,61,21,5,9,0,1020,0,0,
Milano,Legnano,08/03/2020,7,-2,14,0,48,20,8,17,0,1019,0,0,
Milano,Locate di Triulzi,08/03/2020,9,1,14,2,61,21,5,9,0,1020,0,0,
Milano,Mediglia,08/03/2020,9,1,14,2,61,21,5,9,0,1020,0,0,
Milano,Melegnano,08/03/2020,9,1,14,2,61,21,5,9,0,1020,0,0,
Milano,Milano,08/03/2020,9,1,14,2,61,21,5,9,0,1020,0,0,
Milano,Milano 5 Vie,08/03/2020,9,1,14,2,61,21,5,9,0,1020,0,0,
Milano,Milano Abadesse,08/03/2020,9,1,14,2,61,21,5,9,0,1020,0,0,
Milano,Milano Adriano,08/03/2020,9,1,14,2,61,21,5,9,0,1020,0,0,
Milano,Milano Affori,08/03/2020,9,1,14,2,61,21,5,9,0,1020,0,0,
Milano,Milano Anfossi,08/03/2020,9,1,14,2,61,21,5,9,0,1020,0,0,
Milano,Milano Archimede,08/03/2020,9,1,14,2,61,21,5,9,0,1020,0,0,
Milano,Milano Argonne,08/03/2020,9,1,14,2,61,21,5,9,0,1020,0,0,
Milano,Milano Arzaga,08/03/2020,9,1,14,2,61,21,5,9,0,1020,0,0,
Milano,Milano Baggio,08/03/2020,9,1,14,2,61,21,5,9,0,1020,0,0,
Milano,Milano Bande Nere,08/03/2020,9,1,14,2,61,21,5,9,0,1020,0,0,
Milano,Milano Barona,08/03/2020,9,1,14,2,61,21,5,9,0,1020,0,0,
Milano,Milano Bicocca,08/03/2020,9,1,14,2,61,21,5,9,0,1020,0,0,
Milano,Milano Bisceglie,08/03/2020,9,1,14,2,61,21,5,9,0,1020,0,0,
Milano,Milano Boffalora,08/03/2020,9,1,14,2,61,21,5,9,0,1020,0,0,
Milano,Milano Borgo Morsenchio,08/03/2020,9,1,14,2,61,21,5,9,0,1020,0,0,
Milano,Milano Borgo Nuovo,08/03/2020,9,1,14,2,61,21,5,9,0,1020,0,0,
Milano,Milano Borgogna,08/03/2020,9,1,14,2,61,21,5,9,0,1020,0,0,
Milano,Milano Borsa,08/03/2020,9,1,14,2,61,21,5,9,0,1020,0,0,
Milano,Milano Bovisa,08/03/2020,9,1,14,2,61,21,5,9,0,1020,0,0,
Milano,Milano Bovisasca,08/03/2020,9,1,14,2,61,21,5,9,0,1020,0,0,
Milano,Milano Brera,08/03/2020,9,1,14,2,61,21,5,9,0,1020,0,0,
Milano,Milano Broletto,08/03/2020,9,1,14,2,61,21,5,9,0,1020,0,0,
Milano,Milano Brolo Pantano,08/03/2020,9,1,14,2,61,21,5,9,0,1020,0,0,
Milano,Milano Bruzzano,08/03/2020,9,1,14,2,61,21,5,9,0,1020,0,0,
Milano,Milano Buenos Aires,08/03/2020,9,1,14,2,61,21,5,9,0,1020,0,0,
Milano,Milano Bullona,08/03/2020,9,1,14,2,61,21,5,9,0,1020,0,0,
Milano,Milano Ca' Granda,08/03/2020,9,1,14,2,61,21,5,9,0,1020,0,0,
Milano,Milano Cadorna,08/03/2020,9,1,14,2,61,21,5,9,0,1020,0,0,
Milano,Milano Cagnola,08/03/2020,9,1,14,2,61,21,5,9,0,1020,0,0,
Milano,Milano Calvarate,08/03/2020,9,1,14,2,61,21,5,9,0,1020,0,0,
Milano,Milano Cantalupa,08/03/2020,9,1,14,2,61,21,5,9,0,1020,0,0,
Milano,Milano Cappuccio,08/03/2020,9,1,14,2,61,21,5,9,0,1020,0,0,
Milano,Milano Carrobbio,08/03/2020,9,1,14,2,61,21,5,9,0,1020,0,0,
Milano,Milano Cascina dei Pomi,08/03/2020,9,1,14,2,61,21,5,9,0,1020,0,0,
Milano,Milano Cascina Gobba,08/03/2020,9,1,14,2,61,21,5,9,0,1020,0,0,
Milano,Milano Cascina Merlata,08/03/2020,9,1,14,2,61,21,5,9,0,1020,0,0,
Milano,Milano Cascina Triulza,08/03/2020,9,1,14,2,61,21,5,9,0,1020,0,0,
Milano,Milano Casoretto,08/03/2020,9,1,14,2,61,21,5,9,0,1020,0,0,
Milano,Milano Cavour,08/03/2020,9,1,14,2,61,21,5,9,0,1020,0,0,
Milano,Milano Cenisio,08/03/2020,9,1,14,2,61,21,5,9,0,1020,0,0,
Milano,Milano Centro Direzionale,08/03/2020,9,1,14,2,61,21,5,9,0,1020,0,0,
Milano,Milano Centro Storico,08/03/2020,9,1,14,2,61,21,5,9,0,1020,0,0,
Milano,Milano Chiaravalle,08/03/2020,9,1,14,2,61,21,5,9,0,1020,0,0,
Milano,Milano Chiesa Rossa,08/03/2020,9,1,14,2,61,21,5,9,0,1020,0,0,
Milano,Milano Cimiano,08/03/2020,9,1,14,2,61,21,5,9,0,1020,0,0,
Milano,Milano Cimitero Monumentale,08/03/2020,9,1,14,2,61,21,5,9,0,1020,0,0,
Milano,Milano Comasina,08/03/2020,9,1,14,2,61,21,5,9,0,1020,0,0,
Milano,Milano Conca Fallata,08/03/2020,9,1,14,2,61,21,5,9,0,1020,0,0,
Milano,Milano Cordusio,08/03/2020,9,1,14,2,61,21,5,9,0,1020,0,0,
Milano,Milano Corsica,08/03/2020,9,1,14,2,61,21,5,9,0,1020,0,0,
Milano,Milano Corvetto,08/03/2020,9,1,14,2,61,21,5,9,0,1020,0,0,
Milano,Milano Crescenzago,08/03/2020,9,1,14,2,61,21,5,9,0,1020,0,0,
Milano,Milano Crocetta,08/03/2020,9,1,14,2,61,21,5,9,0,1020,0,0,
Milano,Milano Cuoco,08/03/2020,9,1,14,2,61,21,5,9,0,1020,0,0,
Milano,Milano Dante,08/03/2020,9,1,14,2,61,21,5,9,0,1020,0,0,
Milano,Milano Dazio,08/03/2020,9,1,14,2,61,21,5,9,0,1020,0,0,
Milano,Milano De Angeli,08/03/2020,9,1,14,2,61,21,5,9,0,1020,0,0,
Milano,Milano Dergano,08/03/2020,9,1,14,2,61,21,5,9,0,1020,0,0,
Milano,Milano Dezza,08/03/2020,9,1,14,2,61,21,5,9,0,1020,0,0,
Milano,Milano Diaz,08/03/2020,9,1,14,2,61,21,5,9,0,1020,0,0,
Milano,Milano Domenichino,08/03/2020,9,1,14,2,61,21,5,9,0,1020,0,0,
Milano,Milano Domodossola,08/03/2020,9,1,14,2,61,21,5,9,0,1020,0,0,
Milano,Milano Duomo,08/03/2020,9,1,14,2,61,21,5,9,0,1020,0,0,
Milano,Milano Farini,08/03/2020,9,1,14,2,61,21,5,9,0,1020,0,0,
Milano,Milano Figino,08/03/2020,9,1,14,2,61,21,5,9,0,1020,0,0,
Milano,Milano Forlanini,08/03/2020,9,1,14,2,61,21,5,9,0,1020,0,0,
Milano,Milano Foro Bonaparte,08/03/2020,9,1,14,2,61,21,5,9,0,1020,0,0,
Milano,Milano Forze Armate,08/03/2020,9,1,14,2,61,21,5,9,0,1020,0,0,
Milano,Milano Fulvio Testi,08/03/2020,9,1,14,2,61,21,5,9,0,1020,0,0,
Milano,Milano Gallaratese,08/03/2020,9,1,14,2,61,21,5,9,0,1020,0,0,
Milano,Milano Gamboloita,08/03/2020,9,1,14,2,61,21,5,9,0,1020,0,0,
Milano,Milano Garegnano,08/03/2020,9,1,14,2,61,21,5,9,0,1020,0,0,
Milano,Milano Ghisolfa,08/03/2020,9,1,14,2,61,21,5,9,0,1020,0,0,
Milano,Milano Garibaldi,08/03/2020,9,1,14,2,61,21,5,9,0,1020,0,0,
Milano,Milano Giambellino,08/03/2020,9,1,14,2,61,21,5,9,0,1020,0,0,
Milano,Milano Giardini Montanelli,08/03/2020,9,1,14,2,61,21,5,9,0,1020,0,0,
Milano,Milano Gioia,08/03/2020,9,1,14,2,61,21,5,9,0,1020,0,0,
Milano,Milano Gorla,08/03/2020,9,1,14,2,61,21,5,9,0,1020,0,0,
Milano,Milano Greco,08/03/2020,9,1,14,2,61,21,5,9,0,1020,0,0,
Milano,Milano Grigioni,08/03/2020,9,1,14,2,61,21,5,9,0,1020,0,0,
Milano,Milano Gratosoglio,08/03/2020,9,1,14,2,61,21,5,9,0,1020,0,0,
Milano,Milano Grigioni Corvetto,08/03/2020,9,1,14,2,61,21,5,9,0,1020,0,0,
Milano,Milano Guastalla,08/03/2020,9,1,14,2,61,21,5,9,0,1020,0,0,
Milano,Milano Inganni,08/03/2020,9,1,14,2,61,21,5,9,0,1020,0,0,
Milano,Milano Isola,08/03/2020,9,1,14,2,61,21,5,9,0,1020,0,0,
Milano,Milano Istria,08/03/2020,9,1,14,2,61,21,5,9,0,1020,0,0,
Milano,Milano Italia,08/03/2020,9,1,14,2,61,21,5,9,0,1020,0,0,
Milano,Milano La Fontana,08/03/2020,9,1,14,2,61,21,5,9,0,1020,0,0,
Milano,Milano Lambrate,08/03/2020,9,1,14,2,61,21,5,9,0,1020,0,0,
Milano,Milano Lampugnano,08/03/2020,9,1,14,2,61,21,5,9,0,1020,0,0,
Milano,Milano Lancetti,08/03/2020,9,1,14,2,61,21,5,9,0,1020,0,0,
Milano,Milano Lazio,08/03/2020,9,1,14,2,61,21,5,9,0,1020,0,0,
Milano,Milano Lazzaretto,08/03/2020,9,1,14,2,61,21,5,9,0,1020,0,0,
Milano,Milano Linate,08/03/2020,9,1,14,2,61,21,5,9,0,1020,0,0,
Milano,Milano Lodi,08/03/2020,9,1,14,2,61,21,5,9,0,1020,0,0,
Milano,Milano Lorenteggio,08/03/2020,9,1,14,2,61,21,5,9,0,1020,0,0,
Milano,Milano Loreto,08/03/2020,9,1,14,2,61,21,5,9,0,1020,0,0,
Milano,Milano Lotto,08/03/2020,9,1,14,2,61,21,5,9,0,1020,0,0,
Milano,Milano Maciachino,08/03/2020,9,1,14,2,61,21,5,9,0,1020,0,0,
Milano,Milano Magenta,08/03/2020,9,1,14,2,61,21,5,9,0,1020,0,0,
Milano,Milano Maggiolina,08/03/2020,9,1,14,2,61,21,5,9,0,1020,0,0,
Milano,Milano Marghera,08/03/2020,9,1,14,2,61,21,5,9,0,1020,0,0,
Milano,Milano Mecenate,08/03/2020,9,1,14,2,61,21,5,9,0,1020,0,0,
Milano,Milano Meda,08/03/2020,9,1,14,2,61,21,5,9,0,1020,0,0,
Milano,Milano Meda Spaventa,08/03/2020,9,1,14,2,61,21,5,9,0,1020,0,0,
Milano,Milano Moncucco,08/03/2020,9,1,14,2,61,21,5,9,0,1020,0,0,
Milano,Milano Montalbino,08/03/2020,9,1,14,2,61,21,5,9,0,1020,0,0,
Milano,Milano Monza,08/03/2020,9,1,14,2,61,21,5,9,0,1020,0,0,
Milano,Milano Moscova,08/03/2020,9,1,14,2,61,21,5,9,0,1020,0,0,
Milano,Milano Morivione,08/03/2020,9,1,14,2,61,21,5,9,0,1020,0,0,
Milano,Milano Muggiano,08/03/2020,9,1,14,2,61,21,5,9,0,1020,0,0,
Milano,Milano Musocco,08/03/2020,9,1,14,2,61,21,5,9,0,1020,0,0,
Milano,Milano Napoli,08/03/2020,9,1,14,2,61,21,5,9,0,1020,0,0,
Milano,Milano Navigli,08/03/2020,9,1,14,2,61,21,5,9,0,1020,0,0,
Milano,Milano Niguarda,08/03/2020,9,1,14,2,61,21,5,9,0,1020,0,0,
Milano,Milano Novara,08/03/2020,9,1,14,2,61,21,5,9,0,1020,0,0,
Milano,Milano Novelli,08/03/2020,9,1,14,2,61,21,5,9,0,1020,0,0,
Milano,Milano Nosedo,08/03/2020,9,1,14,2,61,21,5,9,0,1020,0,0,
Milano,Milano Ortica,08/03/2020,9,1,14,2,61,21,5,9,0,1020,0,0,
Milano,Milano Ortles,08/03/2020,9,1,14,2,61,21,5,9,0,1020,0,0,
Milano,Milano OTB,08/03/2020,9,1,14,2,61,21,5,9,0,1020,0,0,
Milano,Milano Padova,08/03/2020,9,1,14,2,61,21,5,9,0,1020,0,0,
Milano,Milano Pagano,08/03/2020,9,1,14,2,61,21,5,9,0,1020,0,0,
Milano,Milano Parco delle Cave,08/03/2020,9,1,14,2,61,21,5,9,0,1020,0,0,
Milano,Milano Parco Forlanini,08/03/2020,9,1,14,2,61,21,5,9,0,1020,0,0,
Milano,Milano Parco Lambro,08/03/2020,9,1,14,2,61,21,5,9,0,1020,0,0,
Milano,Milano Parco Monte Stella,08/03/2020,9,1,14,2,61,21,5,9,0,1020,0,0,
Milano,Milano Parco Nord,08/03/2020,9,1,14,2,61,21,5,9,0,1020,0,0,
Milano,Milano Parco Sempione,08/03/2020,9,1,14,2,61,21,5,9,0,1020,0,0,
Milano,Milano Parco Trenno,08/03/2020,9,1,14,2,61,21,5,9,0,1020,0,0,
Milano,Milano Pasquirolo,08/03/2020,9,1,14,2,61,21,5,9,0,1020,0,0,
Milano,Milano Piemonte,08/03/2020,9,1,14,2,61,21,5,9,0,1020,0,0,
Milano,Milano Ponte Lambro,08/03/2020,9,1,14,2,61,21,5,9,0,1020,0,0,
Milano,Milano Ponte Seveso,08/03/2020,9,1,14,2,61,21,5,9,0,1020,0,0,
Milano,Milano Porpora,08/03/2020,9,1,14,2,61,21,5,9,0,1020,0,0,
Milano,Milano Porta Garibaldi,08/03/2020,9,1,14,2,61,21,5,9,0,1020,0,0,
Milano,Milano Porta Genova,08/03/2020,9,1,14,2,61,21,5,9,0,1020,0,0,
Milano,Milano Porta Lodovica,08/03/2020,9,1,14,2,61,21,5,9,0,1020,0,0,
Milano,Milano Porta Monforte,08/03/2020,9,1,14,2,61,21,5,9,0,1020,0,0,
Milano,Milano Porta Nuova,08/03/2020,9,1,14,2,61,21,5,9,0,1020,0,0,
Milano,Milano Porta Romana,08/03/2020,9,1,14,2,61,21,5,9,0,1020,0,0,
Milano,Milano Porta Ticinese,08/03/2020,9,1,14,2,61,21,5,9,0,1020,0,0,
Milano,Milano Porta Venezia,08/03/2020,9,1,14,2,61,21,5,9,0,1020,0,0,
Milano,Milano Porta Vicentina,08/03/2020,9,1,14,2,61,21,5,9,0,1020,0,0,
Milano,Milano Porta Vittoria,08/03/2020,9,1,14,2,61,21,5,9,0,1020,0,0,
Milano,Milano Porta Volta,08/03/2020,9,1,14,2,61,21,5,9,0,1020,0,0,
Milano,Milano Portello,08/03/2020,9,1,14,2,61,21,5,9,0,1020,0,0,
Milano,Milano Porto di Mare,08/03/2020,9,1,14,2,61,21,5,9,0,1020,0,0,
Milano,Milano Pratocentenaro,08/03/2020,9,1,14,2,61,21,5,9,0,1020,0,0,
Milano,Milano Precotto,08/03/2020,9,1,14,2,61,21,5,9,0,1020,0,0,
Milano,Milano Primaticcio,08/03/2020,9,1,14,2,61,21,5,9,0,1020,0,0,
Milano,Milano Procaccini Quartiere Cinese,08/03/2020,9,1,14,2,61,21,5,9,0,1020,0,0,
Milano,Milano Quadrilatero,08/03/2020,9,1,14,2,61,21,5,9,0,1020,0,0,
Milano,Milano Quadronno,08/03/2020,9,1,14,2,61,21,5,9,0,1020,0,0,
Milano,Milano Quartiere Ebraico,08/03/2020,9,1,14,2,61,21,5,9,0,1020,0,0,
Milano,Milano Quarto Cagnino,08/03/2020,9,1,14,2,61,21,5,9,0,1020,0,0,
Milano,Milano Quarto Oggiaro,08/03/2020,9,1,14,2,61,21,5,9,0,1020,0,0,
Milano,Milano Quinto Romano,08/03/2020,9,1,14,2,61,21,5,9,0,1020,0,0,
Milano,Milano Quintosole,08/03/2020,9,1,14,2,61,21,5,9,0,1020,0,0,
Milano,Milano Ravizza,08/03/2020,9,1,14,2,61,21,5,9,0,1020,0,0,
Milano,Milano Rembrandt,08/03/2020,9,1,14,2,61,21,5,9,0,1020,0,0,
Milano,Milano Repubblica,08/03/2020,9,1,14,2,61,21,5,9,0,1020,0,0,
Milano,Milano Restocco,08/03/2020,9,1,14,2,61,21,5,9,0,1020,0,0,
Milano,Milano Ripamonti,08/03/2020,9,1,14,2,61,21,5,9,0,1020,0,0,
Milano,Milano Risorgimento,08/03/2020,9,1,14,2,61,21,5,9,0,1020,0,0,
Milano,Milano Rogoredo,08/03/2020,9,1,14,2,61,21,5,9,0,1020,0,0,
Milano,Milano Rogoredo 2000,08/03/2020,9,1,14,2,61,21,5,9,0,1020,0,0,
Milano,Milano Ronchetto sul Naviglio,08/03/2020,9,1,14,2,61,21,5,9,0,1020,0,0,
Milano,Milano Roserio,08/03/2020,9,1,14,2,61,21,5,9,0,1020,0,0,
Milano,Milano Rottole,08/03/2020,9,1,14,2,61,21,5,9,0,1020,0,0,
Milano,Milano San Babila,08/03/2020,9,1,14,2,61,21,5,9,0,1020,0,0,
Milano,Milano San Cristoforo,08/03/2020,9,1,14,2,61,21,5,9,0,1020,0,0,
Milano,Milano San Gottardo,08/03/2020,9,1,14,2,61,21,5,9,0,1020,0,0,
Milano,Milano San Marco,08/03/2020,9,1,14,2,61,21,5,9,0,1020,0,0,
Milano,Milano San Siro,08/03/2020,9,1,14,2,61,21,5,9,0,1020,0,0,
Milano,Milano San Vittore,08/03/2020,9,1,14,2,61,21,5,9,0,1020,0,0,
Milano,Milano Sant'Ambrogio,08/03/2020,9,1,14,2,61,21,5,9,0,1020,0,0,
Milano,Milano Sant'Ambrogio centro,08/03/2020,9,1,14,2,61,21,5,9,0,1020,0,0,
Milano,Milano Santa Giulia,08/03/2020,9,1,14,2,61,21,5,9,0,1020,0,0,
Milano,Milano Santa Rita,08/03/2020,9,1,14,2,61,21,5,9,0,1020,0,0,
Milano,Milano Scala,08/03/2020,9,1,14,2,61,21,5,9,0,1020,0,0,
Milano,Milano Segnanino,08/03/2020,9,1,14,2,61,21,5,9,0,1020,0,0,
Milano,Milano Segnano,08/03/2020,9,1,14,2,61,21,5,9,0,1020,0,0,
Milano,Milano Seldiunte,08/03/2020,9,1,14,2,61,21,5,9,0,1020,0,0,
Milano,Milano Selvanesco,08/03/2020,9,1,14,2,61,21,5,9,0,1020,0,0,
Milano,Milano Sempione,08/03/2020,9,1,14,2,61,21,5,9,0,1020,0,0,
Milano,Milano Simonetta,08/03/2020,9,1,14,2,61,21,5,9,0,1020,0,0,
Milano,Milano Solari,08/03/2020,9,1,14,2,61,21,5,9,0,1020,0,0,
Milano,Milano Stadera,08/03/2020,9,1,14,2,61,21,5,9,0,1020,0,0,
Milano,Milano Stazione Centrale,08/03/2020,9,1,14,2,61,21,5,9,0,1020,0,0,
Milano,Milano Stephenson,08/03/2020,9,1,14,2,61,21,5,9,0,1020,0,0,
Milano,Milano Taliedo,08/03/2020,9,1,14,2,61,21,5,9,0,1020,0,0,
Milano,Milano Tertulliano,08/03/2020,9,1,14,2,61,21,5,9,0,1020,0,0,
Milano,Milano Ticinese,08/03/2020,9,1,14,2,61,21,5,9,0,1020,0,0,
Milano,Milano Tortona,08/03/2020,9,1,14,2,61,21,5,9,0,1020,0,0,
Milano,Milano Tre Torri,08/03/2020,9,1,14,2,61,21,5,9,0,1020,0,0,
Milano,Milano Trenno,08/03/2020,9,1,14,2,61,21,5,9,0,1020,0,0,
Milano,Milano Tripoli,08/03/2020,9,1,14,2,61,21,5,9,0,1020,0,0,
Milano,Milano Triulzo Superiore,08/03/2020,9,1,14,2,61,21,5,9,0,1020,0,0,
Milano,Milano Turro,08/03/2020,9,1,14,2,61,21,5,9,0,1020,0,0,
Milano,Milano Vaiano Valle,08/03/2020,9,1,14,2,61,21,5,9,0,1020,0,0,
Milano,Milano Varesine,08/03/2020,9,1,14,2,61,21,5,9,0,1020,0,0,
Milano,Milano Vercelli,08/03/2020,9,1,14,2,61,21,5,9,0,1020,0,0,
Milano,Milano Verziere,08/03/2020,9,1,14,2,61,21,5,9,0,1020,0,0,
Milano,Milano Vetra,08/03/2020,9,1,14,2,61,21,5,9,0,1020,0,0,
Milano,Milano Vialba,08/03/2020,9,1,14,2,61,21,5,9,0,1020,0,0,
Milano,Milano Vigentino,08/03/2020,9,1,14,2,61,21,5,9,0,1020,0,0,
Milano,Milano Villa San Giovanni,08/03/2020,9,1,14,2,61,21,5,9,0,1020,0,0,
Milano,Milano Villapizzone,08/03/2020,9,1,14,2,61,21,5,9,0,1020,0,0,
Milano,Milano Washington,08/03/2020,9,1,14,2,61,21,5,9,0,1020,0,0,
Milano,Milano XXII Marzo,08/03/2020,9,1,14,2,61,21,5,9,0,1020,0,0,
Milano,Milano Zara,08/03/2020,9,1,14,2,61,21,5,9,0,1020,0,0,
Milano,Milano Zona 1,08/03/2020,9,1,14,2,61,21,5,9,0,1020,0,0,
Milano,Milano Zona 2,08/03/2020,9,1,14,2,61,21,5,9,0,1020,0,0,
Milano,Milano Zona 3,08/03/2020,9,1,14,2,61,21,5,9,0,1020,0,0,
Milano,Milano Zona 4,08/03/2020,9,1,14,2,61,21,5,9,0,1020,0,0,
Milano,Milano Zona 5,08/03/2020,9,1,14,2,61,21,5,9,0,1020,0,0,
Milano,Milano Zona 6,08/03/2020,9,1,14,2,61,21,5,9,0,1020,0,0,
Milano,Milano Zona 7,08/03/2020,9,1,14,2,61,21,5,9,0,1020,0,0,
Milano,Milano Zona 8,08/03/2020,9,1,14,2,61,21,5,9,0,1020,0,0,
Milano,Milano Zona 9,08/03/2020,9,1,14,2,61,21,5,9,0,1020,0,0,
Milano,Morimondo,08/03/2020,9,1,14,2,61,21,5,9,0,1020,0,0,
Milano,Motta Visconti,08/03/2020,9,1,14,2,61,21,5,9,0,1020,0,0,
Milano,Nerviano,08/03/2020,9,1,14,2,61,21,5,9,0,1020,0,0,
Milano,Novate Milanese,08/03/2020,9,1,14,2,61,21,5,9,0,1020,0,0,
Milano,Noviglio,08/03/2020,9,1,14,2,61,21,5,9,0,1020,0,0,
Milano,Opera,08/03/2020,9,1,14,2,61,21,5,9,0,1020,0,0,
Milano,Ozzero,08/03/2020,9,1,14,2,61,21,5,9,0,1020,0,0,
Milano,Paderno Dugnano,08/03/2020,9,1,14,2,61,21,5,9,0,1020,0,0,
Milano,Parabiago,08/03/2020,9,1,14,2,61,21,5,9,0,1020,0,0,
Milano,Passirana,08/03/2020,9,1,14,2,61,21,5,9,0,1020,0,0,
Milano,Pero,08/03/2020,9,1,14,2,61,21,5,9,0,1020,0,0,
Milano,Peschiera Borromeo,08/03/2020,9,1,14,2,61,21,5,9,0,1020,0,0,
Milano,Pieve Emanuele,08/03/2020,9,1,14,2,61,21,5,9,0,1020,0,0,
Milano,Pioltello,08/03/2020,9,1,14,2,61,21,5,9,0,1020,0,0,
Milano,Pogliano Milanese,08/03/2020,9,1,14,2,61,21,5,9,0,1020,0,0,
Milano,Pregnana Milanese,08/03/2020,9,1,14,2,61,21,5,9,0,1020,0,0,
Milano,Rescaldina,08/03/2020,7,-2,14,0,48,20,8,17,0,1019,0,0,
Milano,Rho,08/03/2020,9,1,14,2,61,21,5,9,0,1020,0,0,
Milano,Riozzo,08/03/2020,9,1,14,2,61,21,5,9,0,1020,0,0,
Milano,Rosate,08/03/2020,9,1,14,2,61,21,5,9,0,1020,0,0,
Milano,Rozzano,08/03/2020,9,1,14,2,61,21,5,9,0,1020,0,0,
Milano,San Colombano al Lambro,08/03/2020,9,2,13,3,62,20,5,9,0,1019,0,0,
Milano,San Donato Milanese,08/03/2020,9,1,14,2,61,21,5,9,0,1020,0,0,
Milano,San Giuliano Milanese,08/03/2020,9,1,14,2,61,21,5,9,0,1020,0,0,
Milano,San Vittore Olona,08/03/2020,9,1,14,2,61,21,5,9,0,1020,0,0,
Milano,Sedriano,08/03/2020,9,1,14,2,61,21,5,9,0,1020,0,0,
Milano,Segrate,08/03/2020,9,1,14,2,61,21,5,9,0,1020,0,0,
Milano,Senago,08/03/2020,9,1,14,2,61,21,5,9,0,1020,0,0,
Milano,Sesto San Giovanni,08/03/2020,9,1,14,2,61,21,5,9,0,1020,0,0,
Milano,Settimo Milanese,08/03/2020,9,1,14,2,61,21,5,9,0,1020,0,0,
Milano,Solaro,08/03/2020,9,1,14,2,61,21,5,9,0,1020,0,0,
Milano,Trezzano sul Naviglio,08/03/2020,9,1,14,2,61,21,5,9,0,1020,0,0,
Milano,Vanzago,08/03/2020,9,1,14,2,61,21,5,9,0,1020,0,0,
Milano,Vermezzo,08/03/2020,9,1,14,2,61,21,5,9,0,1020,0,0,
Milano,Vernate,08/03/2020,9,1,14,2,61,21,5,9,0,1020,0,0,
Milano,Vighignolo,08/03/2020,9,1,14,2,61,21,5,9,0,1020,0,0,
Milano,Vimodrone,08/03/2020,9,1,14,2,61,21,5,9,0,1020,0,0,
Milano,Vittuone,08/03/2020,9,1,14,2,61,21,5,9,0,1020,0,0,
Milano,Zelo Surrigone,08/03/2020,9,1,14,2,61,21,5,9,0,1020,0,0,
Milano,Zibido San Giacomo,08/03/2020,9,1,14,2,61,21,5,9,0,1020,0,0,
Monza e Brianza,Albiate,08/03/2020,9,1,14,2,61,21,5,9,0,1020,0,0,
Monza e Brianza,Arcore,08/03/2020,9,1,14,2,61,21,5,9,0,1020,0,0,
Monza e Brianza,Barlassina,08/03/2020,9,1,14,2,61,21,5,9,0,1020,0,0,
Monza e Brianza,Besana in Brianza,08/03/2020,9,1,14,2,61,21,5,9,0,1020,0,0,
Monza e Brianza,Biassono,08/03/2020,9,1,14,2,61,21,5,9,0,1020,0,0,
Monza e Brianza,Bovisio Masciago,08/03/2020,9,1,14,2,61,21,5,9,0,1020,0,0,
Monza e Brianza,Briosco,08/03/2020,9,1,14,2,61,21,5,9,0,1020,0,0,
Monza e Brianza,Brugherio,08/03/2020,9,1,14,2,61,21,5,9,0,1020,0,0,
Monza e Brianza,Camparada,08/03/2020,9,1,14,2,61,21,5,9,0,1020,0,0,
Monza e Brianza,Capriano,08/03/2020,9,1,14,2,61,21,5,9,0,1020,0,0,
Monza e Brianza,Carate Brianza,08/03/2020,9,1,14,2,61,21,5,9,0,1020,0,0,
Monza e Brianza,Ceriano Laghetto,08/03/2020,9,1,14,2,61,21,5,9,0,1020,0,0,
Monza e Brianza,Cesano Maderno,08/03/2020,9,1,14,2,61,21,5,9,0,1020,0,0,
Monza e Brianza,Cogliate,08/03/2020,9,1,14,2,61,21,5,9,0,1020,0,0,
Monza e Brianza,Concorezzo,08/03/2020,9,1,14,2,61,21,5,9,0,1020,0,0,
Monza e Brianza,Correzzana,08/03/2020,9,1,14,2,61,21,5,9,0,1020,0,0,
Monza e Brianza,Desio,08/03/2020,9,1,14,2,61,21,5,9,0,1020,0,0,
Monza e Brianza,Giussano,08/03/2020,9,1,14,2,61,21,5,9,0,1020,0,0,
Monza e Brianza,Lazzate,08/03/2020,9,1,14,2,61,21,5,9,0,1020,0,0,
Monza e Brianza,Lentate sul Seveso,08/03/2020,9,1,14,2,61,21,5,9,0,1020,0,0,
Monza e Brianza,Lesmo,08/03/2020,9,1,14,2,61,21,5,9,0,1020,0,0,
Monza e Brianza,Limbiate,08/03/2020,9,1,14,2,61,21,5,9,0,1020,0,0,
Monza e Brianza,Lissone,08/03/2020,9,1,14,2,61,21,5,9,0,1020,0,0,
Monza e Brianza,Macherio,08/03/2020,9,1,14,2,61,21,5,9,0,1020,0,0,
Monza e Brianza,Meda,08/03/2020,9,1,14,2,61,21,5,9,0,1020,0,0,
Monza e Brianza,Misinto,08/03/2020,9,1,14,2,61,21,5,9,0,1020,0,0,
Monza e Brianza,Monza,08/03/2020,9,1,14,2,61,21,5,9,0,1020,0,0,
Monza e Brianza,Nova Milanese,08/03/2020,9,1,14,2,61,21,5,9,0,1020,0,0,
Monza e Brianza,Renate,08/03/2020,9,1,14,2,61,21,5,9,0,1020,0,0,
Monza e Brianza,Seregno,08/03/2020,9,1,14,2,61,21,5,9,0,1020,0,0,
Monza e Brianza,Seveso,08/03/2020,9,1,14,2,61,21,5,9,0,1020,0,0,
Monza e Brianza,Sovico,08/03/2020,9,1,14,2,61,21,5,9,0,1020,0,0,
Monza e Brianza,Triuggio,08/03/2020,9,1,14,2,61,21,5,9,0,1020,0,0,
Monza e Brianza,Varedo,08/03/2020,9,1,14,2,61,21,5,9,0,1020,0,0,
Monza e Brianza,Vedano al Lambro,08/03/2020,9,1,14,2,61,21,5,9,0,1020,0,0,
Monza e Brianza,Veduggio con Colzano,08/03/2020,9,1,14,2,61,21,5,9,0,1020,0,0,
Monza e Brianza,Verano Brianza,08/03/2020,9,1,14,2,61,21,5,9,0,1020,0,0,
Monza e Brianza,Villa Raverio,08/03/2020,9,1,14,2,61,21,5,9,0,1020,0,0,
Monza e Brianza,Villasanta,08/03/2020,9,1,14,2,61,21,5,9,0,1020,0,0,
Pavia,Albaredo Arnaboldi,08/03/2020,9,1,14,2,61,21,5,9,0,1020,0,0,
Pavia,Albuzzano,08/03/2020,9,1,14,2,61,21,5,9,0,1020,0,0,
Pavia,Arena Po,08/03/2020,9,2,13,3,62,20,5,9,0,1019,0,0,
Pavia,Badia Pavese,08/03/2020,9,2,13,3,62,20,5,9,0,1019,0,0,
Pavia,Bagnaria,08/03/2020,12,8,16,4,49,19,13,24,0,1019,0,0,
Pavia,Barbianello,08/03/2020,9,1,14,2,61,21,5,9,0,1020,0,0,
Pavia,Bastida Pancarana,08/03/2020,9,1,14,2,61,21,5,9,0,1020,0,0,
Pavia,Battuda,08/03/2020,9,1,14,2,61,21,5,9,0,1020,0,0,
Pavia,Belgioioso,08/03/2020,9,1,14,2,61,21,5,9,0,1020,0,0,
Pavia,Bereguardo,08/03/2020,9,1,14,2,61,21,5,9,0,1020,0,0,
Pavia,Borgarello,08/03/2020,9,1,14,2,61,21,5,9,0,1020,0,0,
Pavia,Bornasco,08/03/2020,9,1,14,2,61,21,5,9,0,1020,0,0,
Pavia,Bosnasco,08/03/2020,9,2,13,3,62,20,5,9,0,1019,0,0,
Pavia,Bressana Bottarone,08/03/2020,9,1,14,2,61,21,5,9,0,1020,0,0,
Pavia,Broni,08/03/2020,9,1,14,2,61,21,5,9,0,1020,0,0,
Pavia,Campospinoso,08/03/2020,9,1,14,2,61,21,5,9,0,1020,0,0,
Pavia,Canevino,08/03/2020,9,2,13,3,62,20,5,9,0,1019,0,0,
Pavia,Canneto Pavese,08/03/2020,9,2,13,3,62,20,5,9,0,1019,0,0,
Pavia,Carbonara al Ticino,08/03/2020,9,1,14,2,61,21,5,9,0,1020,0,0,
Pavia,Casanova Lonati,08/03/2020,9,1,14,2,61,21,5,9,0,1020,0,0,
Pavia,Casatisma,08/03/2020,9,1,14,2,61,21,5,9,0,1020,0,0,
Pavia,Casorate Primo,08/03/2020,9,1,14,2,61,21,5,9,0,1020,0,0,
Pavia,Castana,08/03/2020,9,2,13,3,62,20,5,9,0,1019,0,0,
Pavia,Casteggio,08/03/2020,9,1,14,2,61,21,5,9,0,1020,0,0,
Pavia,Castelletto di Branduzzo,08/03/2020,9,1,14,2,61,21,5,9,0,1020,0,0,
Pavia,Cava Manara,08/03/2020,9,1,14,2,61,21,5,9,0,1020,0,0,
Pavia,Cecima,08/03/2020,12,8,16,4,49,19,13,24,0,1019,0,0,
Pavia,Ceranova,08/03/2020,9,1,14,2,61,21,5,9,0,1020,0,0,
Pavia,Certosa di Pavia,08/03/2020,9,1,14,2,61,21,5,9,0,1020,0,0,
Pavia,Cervesina,08/03/2020,9,1,14,2,61,21,5,9,0,1020,0,0,
Pavia,Chignolo Po,08/03/2020,9,2,13,3,62,20,5,9,0,1019,0,0,
Pavia,Cigognola,08/03/2020,9,2,13,3,62,20,5,9,0,1019,0,0,
Pavia,Copiano,08/03/2020,9,1,14,2,61,21,5,9,0,1020,0,0,
Pavia,Corana,08/03/2020,9,1,14,2,61,21,5,9,0,1020,0,0,
Pavia,Cornale,08/03/2020,8,2,13,2,51,20,8,13,0,1020,0,0,
Pavia,Cornale e Bastida,08/03/2020,8,2,13,2,51,20,8,13,0,1020,0,0,
Pavia,Corvino San Quirico,08/03/2020,9,1,14,2,61,21,5,9,0,1020,0,0,
Pavia,Costa de' Nobili,08/03/2020,9,2,13,3,62,20,5,9,0,1019,0,0,
Pavia,Cura Carpignano,08/03/2020,9,1,14,2,61,21,5,9,0,1020,0,0,
Pavia,Dorno,08/03/2020,9,1,14,2,61,21,5,9,0,1020,0,0,
Pavia,Filighera,08/03/2020,9,1,14,2,61,21,5,9,0,1020,0,0,
Pavia,Garlasco,08/03/2020,9,1,14,2,61,21,5,9,0,1020,0,0,
Pavia,Giussago,08/03/2020,9,1,14,2,61,21,5,9,0,1020,0,0,
Pavia,Gropello Cairoli,08/03/2020,9,1,14,2,61,21,5,9,0,1020,0,0,
Pavia,Landriano,08/03/2020,9,1,14,2,61,21,5,9,0,1020,0,0,
Pavia,Lardirago,08/03/2020,9,1,14,2,61,21,5,9,0,1020,0,0,
Pavia,Linarolo,08/03/2020,9,1,14,2,61,21,5,9,0,1020,0,0,
Pavia,Lirio,08/03/2020,9,2,13,3,62,20,5,9,0,1019,0,0,
Pavia,Lungavilla,08/03/2020,9,1,14,2,61,21,5,9,0,1020,0,0,
Pavia,Magherno,08/03/2020,9,1,14,2,61,21,5,9,0,1020,0,0,
Pavia,Marcignago,08/03/2020,9,1,14,2,61,21,5,9,0,1020,0,0,
Pavia,Marzano,08/03/2020,9,1,14,2,61,21,5,9,0,1020,0,0,
Pavia,Mezzana Rabattone,08/03/2020,9,1,14,2,61,21,5,9,0,1020,0,0,
Pavia,Mezzanino,08/03/2020,9,1,14,2,61,21,5,9,0,1020,0,0,
Pavia,Miradolo Terme,08/03/2020,9,2,13,3,62,20,5,9,0,1019,0,0,
Pavia,Montalto Pavese,08/03/2020,9,2,13,3,62,20,5,9,0,1019,0,0,
Pavia,Montebello della Battaglia,08/03/2020,9,1,14,2,61,21,5,9,0,1020,0,0,
Pavia,Montecalvo Versiggia,08/03/2020,9,2,13,3,62,20,5,9,0,1019,0,0,
Pavia,Montescano,08/03/2020,9,2,13,3,62,20,5,9,0,1019,0,0,
Pavia,Monticelli Pavese,08/03/2020,9,2,13,3,62,20,5,9,0,1019,0,0,
Pavia,Mornico Losana,08/03/2020,9,1,14,2,61,21,5,9,0,1020,0,0,
Pavia,Oliva Gessi,08/03/2020,9,1,14,2,61,21,5,9,0,1020,0,0,
Pavia,Pancarana,08/03/2020,9,1,14,2,61,21,5,9,0,1020,0,0,
Pavia,Pavia,08/03/2020,9,1,14,2,61,21,5,9,0,1020,0,0,
Pavia,Pietra de' Giorgi,08/03/2020,9,1,14,2,61,21,5,9,0,1020,0,0,
Pavia,Pieve Albignola,08/03/2020,9,1,14,2,61,21,5,9,0,1020,0,0,
Pavia,Pieve Porto Morone,08/03/2020,9,2,13,3,62,20,5,9,0,1019,0,0,
Pavia,Pinarolo Po,08/03/2020,9,1,14,2,61,21,5,9,0,1020,0,0,
Pavia,Pizzale,08/03/2020,9,1,14,2,61,21,5,9,0,1020,0,0,
Pavia,Ponte Nizza,08/03/2020,12,8,16,4,49,19,13,24,0,1019,0,0,
Pavia,Portalbera,08/03/2020,9,2,13,3,62,20,5,9,0,1019,0,0,
Pavia,Rea,08/03/2020,9,1,14,2,61,21,5,9,0,1020,0,0,
Pavia,Redavalle,08/03/2020,9,1,14,2,61,21,5,9,0,1020,0,0,
Pavia,Robecco Pavese,08/03/2020,9,1,14,2,61,21,5,9,0,1020,0,0,
Pavia,Rocca de' Giorgi,08/03/2020,9,2,13,3,62,20,5,9,0,1019,0,0,
Pavia,Rognano,08/03/2020,9,1,14,2,61,21,5,9,0,1020,0,0,
Pavia,Roncaro,08/03/2020,9,1,14,2,61,21,5,9,0,1020,0,0,
Pavia,Rovescala,08/03/2020,9,2,13,3,62,20,5,9,0,1019,0,0,
Pavia,San Cipriano Po,08/03/2020,9,1,14,2,61,21,5,9,0,1020,0,0,
Pavia,San Damiano al Colle,08/03/2020,9,2,13,3,62,20,5,9,0,1019,0,0,
Pavia,San Genesio ed Uniti,08/03/2020,9,1,14,2,61,21,5,9,0,1020,0,0,
Pavia,San Martino Siccomario,08/03/2020,9,1,14,2,61,21,5,9,0,1020,0,0,
Pavia,San Zenone al Po,08/03/2020,9,2,13,3,62,20,5,9,0,1019,0,0,
Pavia,Sannazzaro de' Burgondi,08/03/2020,9,1,14,2,61,21,5,9,0,1020,0,0,
Pavia,Sant'Alessio con Vialone,08/03/2020,9,1,14,2,61,21,5,9,0,1020,0,0,
Pavia,Santa Cristina e Bissone,08/03/2020,9,2,13,3,62,20,5,9,0,1019,0,0,
Pavia,Santa Giuletta,08/03/2020,9,1,14,2,61,21,5,9,0,1020,0,0,
Pavia,Santa Maria della Versa,08/03/2020,9,2,13,3,62,20,5,9,0,1019,0,0,
Pavia,Scaldasole,08/03/2020,9,1,14,2,61,21,5,9,0,1020,0,0,
Pavia,Silvano Pietra,08/03/2020,9,1,14,2,61,21,5,9,0,1020,0,0,
Pavia,Siziano,08/03/2020,9,1,14,2,61,21,5,9,0,1020,0,0,
Pavia,Sommo,08/03/2020,9,1,14,2,61,21,5,9,0,1020,0,0,
Pavia,Spessa,08/03/2020,9,2,13,3,62,20,5,9,0,1019,0,0,
Pavia,Stradella,08/03/2020,9,2,13,3,62,20,5,9,0,1019,0,0,
Pavia,Torre d'Arese,08/03/2020,9,1,14,2,61,21,5,9,0,1020,0,0,
Pavia,Torre d'Isola,08/03/2020,9,1,14,2,61,21,5,9,0,1020,0,0,
Pavia,Torrevecchia Pia,08/03/2020,9,1,14,2,61,21,5,9,0,1020,0,0,
Pavia,Torricella Verzate,08/03/2020,9,1,14,2,61,21,5,9,0,1020,0,0,
Pavia,Trivolzio,08/03/2020,9,1,14,2,61,21,5,9,0,1020,0,0,
Pavia,Trovo,08/03/2020,9,1,14,2,61,21,5,9,0,1020,0,0,
Pavia,Valverde,08/03/2020,10,5,17,8,86,21,13,24,0,1015,0,0,Pioggia
Pavia,Varzi,08/03/2020,12,8,16,4,49,19,13,24,0,1019,0,0,
Pavia,Vellezzo Bellini,08/03/2020,9,1,14,2,61,21,5,9,0,1020,0,0,
Pavia,Verretto,08/03/2020,9,1,14,2,61,21,5,9,0,1020,0,0,
Pavia,Verrua Po,08/03/2020,9,1,14,2,61,21,5,9,0,1020,0,0,
Pavia,Vidigulfo,08/03/2020,9,1,14,2,61,21,5,9,0,1020,0,0,
Pavia,Villanova d'Ardenghi,08/03/2020,9,1,14,2,61,21,5,9,0,1020,0,0,
Pavia,Vistarino,08/03/2020,9,1,14,2,61,21,5,9,0,1020,0,0,
Pavia,Volpara,08/03/2020,9,2,13,3,62,20,5,9,0,1019,0,0,
Pavia,Zeccone,08/03/2020,9,1,14,2,61,21,5,9,0,1020,0,0,
Pavia,Zenevredo,08/03/2020,9,2,13,3,62,20,5,9,0,1019,0,0,
Pavia,Zerbo,08/03/2020,9,2,13,3,62,20,5,9,0,1019,0,0,
Pavia,Zinasco,08/03/2020,9,1,14,2,61,21,5,9,0,1020,0,0,
Sondrio,Albosaggia,08/03/2020,8,2,13,2,51,20,8,13,0,1020,0,0,
Sondrio,Ardenno,08/03/2020,8,2,13,2,51,20,8,13,0,1020,0,0,
Sondrio,Berbenno di Valtellina,08/03/2020,8,2,13,2,51,20,8,13,0,1020,0,0,
Sondrio,Bormio,08/03/2020,-1,-7,5,0,54,20,9,18,0,1017,0,0,
Sondrio,Caiolo,08/03/2020,8,2,13,2,51,20,8,13,0,1020,0,0,
Sondrio,Cedrasco,08/03/2020,8,2,13,2,51,20,8,13,0,1020,0,0,
Sondrio,Colorina,08/03/2020,8,2,13,2,51,20,8,13,0,1020,0,0,
Sondrio,Cosio Valtellino,08/03/2020,8,2,13,2,51,20,8,13,0,1020,0,0,
Sondrio,Dazio,08/03/2020,8,2,13,2,51,20,8,13,0,1020,0,0,
Sondrio,Forcola,08/03/2020,8,2,13,2,51,20,8,13,0,1020,0,0,
Sondrio,Fusine,08/03/2020,8,2,13,2,51,20,8,13,0,1020,0,0,
Sondrio,Livigno,08/03/2020,-1,-7,5,0,54,20,9,18,0,1017,0,0,
Sondrio,Morbegno,08/03/2020,8,2,13,2,51,20,8,13,0,1020,0,0,
Sondrio,Passo del Foscagno,08/03/2020,-1,-7,5,0,54,20,9,18,0,1017,0,0,
Sondrio,Santa Caterina Valfurva,08/03/2020,-1,-7,5,0,54,20,9,18,0,1017,0,0,
Sondrio,Talamona,08/03/2020,8,2,13,2,51,20,8,13,0,1020,0,0,
Sondrio,Traona,08/03/2020,8,2,13,2,51,20,8,13,0,1020,0,0,
Sondrio,Valdidentro,08/03/2020,-1,-7,5,0,54,20,9,18,0,1017,0,0,
Sondrio,Valdisotto,08/03/2020,-1,-7,5,0,54,20,9,18,0,1017,0,0,
Sondrio,Valfurva,08/03/2020,-1,-7,5,0,54,20,9,18,0,1017,0,0,
Varese,Agra,08/03/2020,7,-2,14,0,48,20,8,17,0,1019,0,0,
Varese,Albizzate,08/03/2020,7,-2,14,0,48,20,8,17,0,1019,0,0,
Varese,Angera,08/03/2020,7,-2,14,0,48,20,8,17,0,1019,0,0,
Varese,Arcisate,08/03/2020,7,-2,14,0,48,20,8,17,0,1019,0,0,
Varese,Arsago Seprio,08/03/2020,7,-2,14,0,48,20,8,17,0,1019,0,0,
Varese,Azzate,08/03/2020,7,-2,14,0,48,20,8,17,0,1019,0,0,
Varese,Azzio,08/03/2020,7,-2,14,0,48,20,8,17,0,1019,0,0,
Varese,Barasso,08/03/2020,7,-2,14,0,48,20,8,17,0,1019,0,0,
Varese,Bardello,08/03/2020,7,-2,14,0,48,20,8,17,0,1019,0,0,
Varese,Bedero Valcuvia,08/03/2020,7,-2,14,0,48,20,8,17,0,1019,0,0,
Varese,Besano,08/03/2020,7,-2,14,0,48,20,8,17,0,1019,0,0,
Varese,Besnate,08/03/2020,7,-2,14,0,48,20,8,17,0,1019,0,0,
Varese,Besozzo,08/03/2020,7,-2,14,0,48,20,8,17,0,1019,0,0,
Varese,Biandronno,08/03/2020,7,-2,14,0,48,20,8,17,0,1019,0,0,
Varese,Bisuschio,08/03/2020,7,-2,14,0,48,20,8,17,0,1019,0,0,
Varese,Bodio Lomnago,08/03/2020,7,-2,14,0,48,20,8,17,0,1019,0,0,
Varese,Brebbia,08/03/2020,7,-2,14,0,48,20,8,17,0,1019,0,0,
Varese,Bregano,08/03/2020,7,-2,14,0,48,20,8,17,0,1019,0,0,
Varese,Brenta,08/03/2020,7,-2,14,0,48,20,8,17,0,1019,0,0,
Varese,Brezzo di Bedero,08/03/2020,7,-2,14,0,48,20,8,17,0,1019,0,0,
Varese,Brinzio,08/03/2020,7,-2,14,0,48,20,8,17,0,1019,0,0,
Varese,Brissago-Valtravaglia,08/03/2020,7,-2,14,0,48,20,8,17,0,1019,0,0,
Varese,Brunello,08/03/2020,7,-2,14,0,48,20,8,17,0,1019,0,0,
Varese,Brusimpiano,08/03/2020,7,-2,14,0,48,20,8,17,0,1019,0,0,
Varese,Buguggiate,08/03/2020,7,-2,14,0,48,20,8,17,0,1019,0,0,
Varese,Cadegliano-Viconago,08/03/2020,7,-2,14,0,48,20,8,17,0,1019,0,0,
Varese,Cadrezzate,08/03/2020,7,-2,14,0,48,20,8,17,0,1019,0,0,
Varese,Cairate,08/03/2020,7,-2,14,0,48,20,8,17,0,1019,0,0,
Varese,Cantello,08/03/2020,7,-2,14,0,48,20,8,17,0,1019,0,0,
Varese,Caravate,08/03/2020,7,-2,14,0,48,20,8,17,0,1019,0,0,
Varese,Carnago,08/03/2020,7,-2,14,0,48,20,8,17,0,1019,0,0,
Varese,Caronno Pertusella,08/03/2020,9,1,14,2,61,21,5,9,0,1020,0,0,
Varese,Caronno Varesino,08/03/2020,7,-2,14,0,48,20,8,17,0,1019,0,0,
Varese,Casale Litta,08/03/2020,7,-2,14,0,48,20,8,17,0,1019,0,0,
Varese,Casalzuigno,08/03/2020,7,-2,14,0,48,20,8,17,0,1019,0,0,
Varese,Casciago,08/03/2020,7,-2,14,0,48,20,8,17,0,1019,0,0,
Varese,Casorate Sempione,08/03/2020,7,-2,14,0,48,20,8,17,0,1019,0,0,
Varese,Cassano Magnago,08/03/2020,7,-2,14,0,48,20,8,17,0,1019,0,0,
Varese,Cassano Valcuvia,08/03/2020,7,-2,14,0,48,20,8,17,0,1019,0,0,
Varese,Castellanza,08/03/2020,7,-2,14,0,48,20,8,17,0,1019,0,0,
Varese,Castello Cabiaglio,08/03/2020,7,-2,14,0,48,20,8,17,0,1019,0,0,
Varese,Castelseprio,08/03/2020,7,-2,14,0,48,20,8,17,0,1019,0,0,
Varese,Castelveccana,08/03/2020,7,-2,14,0,48,20,8,17,0,1019,0,0,
Varese,Castiglione Olona,08/03/2020,7,-2,14,0,48,20,8,17,0,1019,0,0,
Varese,Castronno,08/03/2020,7,-2,14,0,48,20,8,17,0,1019,0,0,
Varese,Cavaria con Premezzo,08/03/2020,7,-2,14,0,48,20,8,17,0,1019,0,0,
Varese,Cazzago Brabbia,08/03/2020,7,-2,14,0,48,20,8,17,0,1019,0,0,
Varese,Cislago,08/03/2020,7,-2,14,0,48,20,8,17,0,1019,0,0,
Varese,Cittiglio,08/03/2020,7,-2,14,0,48,20,8,17,0,1019,0,0,
Varese,Clivio,08/03/2020,7,-2,14,0,48,20,8,17,0,1019,0,0,
Varese,Cocquio-Trevisago,08/03/2020,7,-2,14,0,48,20,8,17,0,1019,0,0,
Varese,Comabbio,08/03/2020,7,-2,14,0,48,20,8,17,0,1019,0,0,
Varese,Comerio,08/03/2020,7,-2,14,0,48,20,8,17,0,1019,0,0,
Varese,Cremenaga,08/03/2020,7,-2,14,0,48,20,8,17,0,1019,0,0,
Varese,Crosio della Valle,08/03/2020,7,-2,14,0,48,20,8,17,0,1019,0,0,
Varese,Cuasso al Monte,08/03/2020,7,-2,14,0,48,20,8,17,0,1019,0,0,
Varese,Cugliate-Fabiasco,08/03/2020,7,-2,14,0,48,20,8,17,0,1019,0,0,
Varese,Cunardo,08/03/2020,7,-2,14,0,48,20,8,17,0,1019,0,0,
Varese,Curiglia con Monteviasco,08/03/2020,7,-2,14,0,48,20,8,17,0,1019,0,0,
Varese,Cuveglio,08/03/2020,7,-2,14,0,48,20,8,17,0,1019,0,0,
Varese,Cuvio,08/03/2020,7,-2,14,0,48,20,8,17,0,1019,0,0,
Varese,Daverio,08/03/2020,7,-2,14,0,48,20,8,17,0,1019,0,0,
Varese,Dumenza,08/03/2020,7,-2,14,0,48,20,8,17,0,1019,0,0,
Varese,Duno,08/03/2020,7,-2,14,0,48,20,8,17,0,1019,0,0,
Varese,Fagnano Olona,08/03/2020,7,-2,14,0,48,20,8,17,0,1019,0,0,
Varese,Ferrera di Varese,08/03/2020,7,-2,14,0,48,20,8,17,0,1019,0,0,
Varese,Gallarate,08/03/2020,7,-2,14,0,48,20,8,17,0,1019,0,0,
Varese,Galliate Lombardo,08/03/2020,7,-2,14,0,48,20,8,17,0,1019,0,0,
Varese,Gavirate,08/03/2020,7,-2,14,0,48,20,8,17,0,1019,0,0,
Varese,Gazzada Schianno,08/03/2020,7,-2,14,0,48,20,8,17,0,1019,0,0,
Varese,Gemonio,08/03/2020,7,-2,14,0,48,20,8,17,0,1019,0,0,
Varese,Gerenzano,08/03/2020,9,1,14,2,61,21,5,9,0,1020,0,0,
Varese,Germignaga,08/03/2020,7,-2,14,0,48,20,8,17,0,1019,0,0,
Varese,Golasecca,08/03/2020,7,-2,14,0,48,20,8,17,0,1019,0,0,
Varese,Gorla Maggiore,08/03/2020,7,-2,14,0,48,20,8,17,0,1019,0,0,
Varese,Gorla Minore,08/03/2020,7,-2,14,0,48,20,8,17,0,1019,0,0,
Varese,Gornate Olona,08/03/2020,7,-2,14,0,48,20,8,17,0,1019,0,0,
Varese,Grantola,08/03/2020,7,-2,14,0,48,20,8,17,0,1019,0,0,
Varese,Inarzo,08/03/2020,7,-2,14,0,48,20,8,17,0,1019,0,0,
Varese,Induno Olona,08/03/2020,7,-2,14,0,48,20,8,17,0,1019,0,0,
Varese,Ispra,08/03/2020,7,-2,14,0,48,20,8,17,0,1019,0,0,
Varese,Jerago con Orago,08/03/2020,7,-2,14,0,48,20,8,17,0,1019,0,0,
Varese,Lavena Ponte Tresa,08/03/2020,7,-2,14,0,48,20,8,17,0,1019,0,0,
Varese,Laveno-Mombello,08/03/2020,7,-2,14,0,48,20,8,17,0,1019,0,0,
Varese,Leggiuno,08/03/2020,7,-2,14,0,48,20,8,17,0,1019,0,0,
Varese,Lonate Ceppino,08/03/2020,7,-2,14,0,48,20,8,17,0,1019,0,0,
Varese,Lozza,08/03/2020,7,-2,14,0,48,20,8,17,0,1019,0,0,
Varese,Luino,08/03/2020,7,-2,14,0,48,20,8,17,0,1019,0,0,
Varese,Luvinate,08/03/2020,7,-2,14,0,48,20,8,17,0,1019,0,0,
Varese,Maccagno,08/03/2020,7,-2,14,0,48,20,8,17,0,1019,0,0,
Varese,Maccagno con Pino e Veddasca,08/03/2020,7,-2,14,0,48,20,8,17,0,1019,0,0,
Varese,Malgesso,08/03/2020,7,-2,14,0,48,20,8,17,0,1019,0,0,
Varese,Malnate,08/03/2020,7,-2,14,0,48,20,8,17,0,1019,0,0,
Varese,Marchirolo,08/03/2020,7,-2,14,0,48,20,8,17,0,1019,0,0,
Varese,Marnate,08/03/2020,7,-2,14,0,48,20,8,17,0,1019,0,0,
Varese,Marzio,08/03/2020,7,-2,14,0,48,20,8,17,0,1019,0,0,
Varese,Masciago Primo,08/03/2020,7,-2,14,0,48,20,8,17,0,1019,0,0,
Varese,Mercallo,08/03/2020,7,-2,14,0,48,20,8,17,0,1019,0,0,
Varese,Mesenzana,08/03/2020,7,-2,14,0,48,20,8,17,0,1019,0,0,
Varese,Milano Malpensa,08/03/2020,7,-2,14,0,48,20,8,17,0,1019,0,0,
Varese,Montegrino Valtravaglia,08/03/2020,7,-2,14,0,48,20,8,17,0,1019,0,0,
Varese,Monvalle,08/03/2020,7,-2,14,0,48,20,8,17,0,1019,0,0,
Varese,Morazzone,08/03/2020,7,-2,14,0,48,20,8,17,0,1019,0,0,
Varese,Mornago,08/03/2020,7,-2,14,0,48,20,8,17,0,1019,0,0,
Varese,Oggiona con Santo Stefano,08/03/2020,7,-2,14,0,48,20,8,17,0,1019,0,0,
Varese,Olgiate Olona,08/03/2020,7,-2,14,0,48,20,8,17,0,1019,0,0,
Varese,Origgio,08/03/2020,9,1,14,2,61,21,5,9,0,1020,0,0,
Varese,Orino,08/03/2020,7,-2,14,0,48,20,8,17,0,1019,0,0,
Varese,Osmate,08/03/2020,7,-2,14,0,48,20,8,17,0,1019,0,0,
Varese,Pino sulla Sponda del Lago Maggiore,08/03/2020,7,-2,14,0,48,20,8,17,0,1019,0,0,
Varese,Porto Ceresio,08/03/2020,7,-2,14,0,48,20,8,17,0,1019,0,0,
Varese,Porto Valtravaglia,08/03/2020,7,-2,14,0,48,20,8,17,0,1019,0,0,
Varese,Rancio Valcuvia,08/03/2020,7,-2,14,0,48,20,8,17,0,1019,0,0,
Varese,Ranco,08/03/2020,7,-2,14,0,48,20,8,17,0,1019,0,0,
Varese,Saltrio,08/03/2020,7,-2,14,0,48,20,8,17,0,1019,0,0,
Varese,Sangiano,08/03/2020,7,-2,14,0,48,20,8,17,0,1019,0,0,
Varese,Saronno,08/03/2020,9,1,14,2,61,21,5,9,0,1020,0,0,
Varese,Sesto Calende,08/03/2020,7,-2,14,0,48,20,8,17,0,1019,0,0,
Varese,Solbiate Arno,08/03/2020,7,-2,14,0,48,20,8,17,0,1019,0,0,
Varese,Solbiate Olona,08/03/2020,7,-2,14,0,48,20,8,17,0,1019,0,0,
Varese,Somma Lombardo,08/03/2020,7,-2,14,0,48,20,8,17,0,1019,0,0,
Varese,Sumirago,08/03/2020,7,-2,14,0,48,20,8,17,0,1019,0,0,
Varese,Taino,08/03/2020,7,-2,14,0,48,20,8,17,0,1019,0,0,
Varese,Ternate,08/03/2020,7,-2,14,0,48,20,8,17,0,1019,0,0,
Varese,Tradate,08/03/2020,7,-2,14,0,48,20,8,17,0,1019,0,0,
Varese,Travedona Monate,08/03/2020,7,-2,14,0,48,20,8,17,0,1019,0,0,
Varese,Tronzano Lago Maggiore,08/03/2020,7,-2,14,0,48,20,8,17,0,1019,0,0,
Varese,Uboldo,08/03/2020,9,1,14,2,61,21,5,9,0,1020,0,0,
Varese,Valganna,08/03/2020,7,-2,14,0,48,20,8,17,0,1019,0,0,
Varese,Varano Borghi,08/03/2020,7,-2,14,0,48,20,8,17,0,1019,0,0,
Varese,Varese,08/03/2020,7,-2,14,0,48,20,8,17,0,1019,0,0,
Varese,Vedano Olona,08/03/2020,7,-2,14,0,48,20,8,17,0,1019,0,0,
Varese,Venegono Inferiore,08/03/2020,7,-2,14,0,48,20,8,17,0,1019,0,0,
Varese,Venegono Superiore,08/03/2020,7,-2,14,0,48,20,8,17,0,1019,0,0,
Varese,Vergiate,08/03/2020,7,-2,14,0,48,20,8,17,0,1019,0,0,